id,formatted_text,label,label_id
mqsutmo,"[CONTEXT] At least it hasn't been 5 like mine lol, time to chip the backlog [COMMENT] Holy fuck okay now I feel alright about my closet queen of a Sonnet lol",emphasis,3
msknwv6,"[CONTEXT] Felt the same way when I went from iOS to Android.

Then I got used to it.

Then I went back.

And I'm strongly considering going back to Android with my next upgrade.

It's just personal preference and what you're used to. Neither are correct. [COMMENT] Hey, fuck this person and their lack of a polarized view!",aggression,0
mpcynks,"[COMMENT] I can't conjure up enough fucks to give about anything PewDiePie and his lot are doing tbh. 

Like if it helps attention and contributions for these projects, yay I guess? But the thing about social media is that it tends to be about the personality at play, not the subject.

This isn't really as much about Linux as it's about him.",frustration,4
mrl93b0,[COMMENT] It's worth fuck all,frustration,4
msueunx,[CONTEXT] Blut UND keine ehre [COMMENT] Fuck. It’s English vs German. I can’t even blame autocorrect. I will blame myself and a lack of caffeine.,ambiguous,1
mpkoolk,"[CONTEXT] Yep, but my comment here is more about how being gracious to noobs, is a better way to grow the userbase. [COMMENT] Well if they're your average Joe then yes but Linus specifically is supposed to be a tech youtuber and *very* familiar with windows. You'd think a simple message like ""hey we won't let you do this it's gonna fuck up your system"" would suffice.",frustration,4
mre5jeo,[COMMENT] Hangover and upset stomach the next day? Naah fuck that - I'd rather just smoke a j...,bonding,2
mspapov,[COMMENT] Depends on what drug she was trying to procure from them. Some of them fuck up your teeth.,emphasis,3
mq09bt7,"[CONTEXT] If you have not measured it, you are not optimizing it. [COMMENT] I optimize for frequency of memory access. Fuck this assumption that optimization means speed",frustration,4
mqu7d8f,"[COMMENT] Janky as fuck, I kinda like it",emphasis,3
mpribsw,"[CONTEXT] My vision is a gold themed guitar. Maybe later I'd like to build a dark medieval guitar which would hopefully be a custom les Paul style. [COMMENT] Fuck yeah go for it, I’m looking forward to seeing the progress! When I’m happy with my current main guitar and have saved up a bit I want to kind of recreate my own version of an Ibanez UV/Jem swirl painted guitar at some point, always wanted to make one myself that’s 100% mine.",emphasis,3
mr3415m,"[CONTEXT] &gt; Why not automate the whole process?

Because hiring is inherently human. [COMMENT] What the fuck does that even mean?",frustration,4
msynedv,[COMMENT] What in the absolute fuck are you talking about out,aggression,0
mpq1vc6,"[CONTEXT] yeah, you're right, i made a mistake referring to that as IV surgery haha. Today im feeling better (not perfect yet obviously) but if i don't get 100% better i'm complaining or something. [COMMENT] For me the best thing was always to exercise my hand as much as possible, but post surgery that might be difficult for you. Do you have a large bruise?  We all have different hand sensitivity for sure, and perhaps you're experiencing more discomfort than average.  I think you'll get back to 100%, but if there is an issue, the timeline is important.  2 weeks from the surgery date, if you're not back to normal or really close, then I would go to your regular doctor and explain the issue.

 Phlebotomists can make mistakes sometimes, but it would have had to have been a big one to fuck you up permanently I believe.",emphasis,3
mqndqz2,"[COMMENT] Basically anything that uses a kernel level anti-cheat middleware is going to not be playable. So your experience gaming on Linux will depend on the type of game you like to play. As a middle aged Dad I don't have any surplus patience or give a fucks to get into competitive games the way I used to, so it's been grand for me.

The one thing I do use regularly is Fusion 360, and it sucks on Max OS, and despite my best efforts (I've been using Linux for work for a couple decades) I have not gotten it to function on Linux, so I reinstalled Windows on a laptop for that, and some radio software that's friendlier in Windows.

Windows 11 very much like they decided to unlearn all the lessons from Vista, and then just keep doubling down on dumb-assed anti-consumer decisions.",bonding,2
msx9ozp,[COMMENT] Fuck that looks so cool. Great score!,bonding,2
msyighb,"[COMMENT] Why the fuck you to Chu? I don't remember hearing anything bad about him at the time, and his Wiki page doesn't seem to mention anything bad either. The only thing that comes up are the loans to Solyndra, which seem pretty defensible to me.",ambiguous,1
msrx19a,[COMMENT] And what the FUCK do I care where you're from?,aggression,0
mt05q7a,[COMMENT] I’m honestly so done with Americans. Bruh yall be fighting about who the fuck runs your country but at the end of the day it’s always the same. Some idiot who runs on a bunch of promises and dreams and ends up doing whatever is best for him and his group of people. If this guy wants to make his lawn look like shit like that let him who the fuck cares. If some Biden supporter feels like tattooing his senil face on his ass fuck it do it. Who cares. Why don’t you try talking with each other some time. Life is more than a party affiliation. Both parties can come up with great policies as much as they can come up with absolute trash. By talking with each other is that you hopefully end up with only the good ones.,frustration,4
moisfxy,"[COMMENT] Fuck yes. In a world where you can have more, why accept less?",emphasis,3
mt20m8w,"[COMMENT] As a former middle school janitor, those things are fun as fuck to drive around on while on gummies.  Not sure what this adds to this thread but needed to share.",emphasis,3
mq6cuwd,"[COMMENT] BO6 is currently not linux friendly, and I doubt activision cares enough about linux to support it in the future. Is linux 100% gaming ready? I would say yes, but the issue is that triple-a game companies and anticheat devs just dont care enough to support linux, and some games (rainbow 6 for example) will either refuse to boot if the game detects you're on linux or (gtav online for example) will just ban your account if it sees you playing on linux. Linux itself is perfectly fine and capable especially with proton to run windows applications. 

That being said, its a very small number of games that dont work, and if you really want an alternative solution to dual booting you can always create a windows vm and passthrough your gpu and it'll work just fine. 

Overall though, should you switch to linux? I say fuck it, go for it. I went balls deep and made the switch from windows to fedora in 2021, mainly because my pc was ""too old"" to suppirt windows 11, despite it being a 24 core machine with 128 gigs of ram lol. Proton back then was far more finnicky, and I had to tweak the launch settings for most games to get them to run (and some just didnt at all). Nowadays however, there isnt a single game in my steam library that doesnt just work perfectly fine out of the box on proton 9. Linux gaming has come a long way in the last few years, and its only gonna get better.",bonding,2
msxjb80,[COMMENT] And the “conservative” sign just out right says fuck. Real fucking conservative,aggression,0
mssdkch,"[COMMENT] Why do redditors hate kids? Not OP but people down here acting like dealing with a child is the worse thing in the world. Half of y’all hate y’all job yet you do it still, are you fucks incapable of love that little uncomfy interactions with kids seem out of this world and “not worth it”. Someone raised YOU, YOU POS",aggression,0
mt4264y,[COMMENT] The fuck the Dutch are going to do ?,frustration,4
mqkuka5,"[CONTEXT] This article absolutely nails it. Our profession was never treated nicely out of respect or anything else; it was merely very difficult to successfully abuse us. Until now, when every copycat executive has seemingly collectively organized to fuck us over.


The only reasonable response is to collectively organize right back. Fight for licensure requirements so that we can actually differentiate against outsourced competition. Unionize everything before they ruin our whole profession. [COMMENT] Have you seen to proposals for software PE licensure from organizations like IEEE? Holy fuck, please no. Just no.",frustration,4
mpp07ck,"[CONTEXT] Really ? I don't find installing today more accessible than 10 or 15 years ago... For user friendly distros it's basically Boot a live USB, Install, next next next...
Wikis are more or less the same as they were.
Well there maybe more step by step YouTube videos, but they are mostly following the wikis anyway.

The only more accessible thing I find is that gen AI tends to not be that bad at finding how to fix simple issues and is quite good at helping finding the root cause of very specific ones. They tend to BS quite a lot if you trust them too much though. [COMMENT] I think a big thing is that there's *multiple* user friendly distros now, where 10-16 years ago distros like Linux Mint stood out for doing such innovative things like bundling Nvidia drivers so users can actually use their computer without knowing what the fuck a GPU is.  A lot more stuff has a GUI, immutables along with Flatpaks are *really* reslient against user error (Steam Decks in particular are surviving fine in the hands of users who have no idea what Linux is, even if they go into desktop mode), Wayland's progressed to where a lot more types of displays and configurations are handled nicely out of the box, Pipewire has resolved many audio issues, GPU support has improved *dramatically* with Nvidia in particular now sorta playing ball, the major DE's have had major improvements.

Sure, it's hard to argue that anythign could be quite as important as a distro installing via a GUI installer, if a distro does not have that then it's absurd to call it accessible (*maybe* you could make an exception for a TUI installer, but not having mouse support is gonna confuse some number of people).  But while that's a very *visible* improvement Linux distros made way back in the day when Ubuntu first came out with a GUI installer, there's been a ton of stuff happening in the background that has removed a lot of the pain points since then.",emphasis,3
msw1c9f,"[COMMENT] No he didn't LMAO. GO TO TEXAS, ARIZONA. Gas is $2.98, $3 for 91. Fuck California and Washington gas prices.",frustration,4
mrca1h5,"[CONTEXT] The guitars I've seen on Reverb... when they actually bothered to take up close shots of the frets and bridge... You could clone an entire human with that. [COMMENT] A buddy of mine bought a nice American Tele off Reverb. He took it out and everything seemed fine, but the electronics seemed to be having issues. Then he smelled it. 

It was obvious someone has spilled Gatorade or something all over it and just said “meh, fuck it”, and went right on. Reverb didn’t do anything about it despite the complaints. Another reason why I will never use them.",emphasis,3
mr458lu,"[CONTEXT] Also, let's be real- we don't **want** that manufacturing here.  They have to wear masks year round from the smog in many areas. Our own people threw a fit about wearing masks to possibly save their own family's life during covid. Forget about skyrocketing prices if shit was made here or the terrible turnaround time. [COMMENT] Exactly, we all saw the olympics in China, what the fuck was that air? No thank you.",frustration,4
msskt9a,"[COMMENT] So did I fuck a sheep or did my wife get fucked by a sheep?  Maybe a threesome?  

It was this brand if you’re curious:

https://www.walmart.com/ip/Trojan-Naturalamb-Natural-Skin-Lubricated-Luxury-Condoms-Non-Latex-3ct/43490003?wmlspartner=wlpa&amp;selectedSellerId=101033849&amp;selectedOfferId=E32687CD524D39CF918918DE1FF08726&amp;conditionGroupCode=1&amp;gclsrc=aw.ds&amp;adid=2222222222743490003_101033849_169461195039_21890178929&amp;wl0=&amp;wl1=g&amp;wl2=c&amp;wl3=720713734741&amp;wl4=pla-2373925548950&amp;wl5=9028070&amp;wl6=&amp;wl7=&amp;wl8=&amp;wl9=pla&amp;wl10=268157974&amp;wl11=online&amp;wl12=43490003_101033849&amp;veh=sem&amp;gad_source=1&amp;gad_campaignid=21890178929&amp;gbraid=0AAAAADmfBIqGPVFcGpHduEWW_koMR7hXu",emphasis,3
msxypas,"[COMMENT] I didn't know humans can get myco :(  I'm glad you made it through, fuck that!",bonding,2
mrdu02f,"[CONTEXT] Tapeworms coming out of brown bears’ butts and they have to walk around like that. Also live worms in wild-caught salmon etc at grocery stores. Let’s get rid of worms and other parasites. They’re gross. 

Cancer and chronic pain and stuff is the obvious answer here though. Or one of them anyway. [COMMENT] What the actual fuck",emphasis,3
mpfddyk,[COMMENT] I will sometimes ssh into my server and do some programming on there or general management in class when I am bored or have some free time and people think I am hacking. Guess I should start running this just to fuck with them some more,emphasis,3
mt2xnm1,"[COMMENT] Tbh, as a Chinese and read a lot in both west and Chinese medias. China is not really think India is a threat or enemy, our enemy is Japan for history reason, then US for real threat. Then would be the west like fucking British and countries like that invade us for no fucking reason. It’s India has been very hostile towards China, because we are helping his enemy a lot. We bearlly wouldn’t give them a fuck, they are way behind China in all aspects.",emphasis,3
mrmkg19,"[COMMENT] I'm from the US in a non-HOA neighborhood and feel the same. Like, I'm sorry, I thought this was America, where we can do literally whatever we want on our own land and in our homes without interference, especially from people who aren't even part of the government in the first place.

All these replies saying shit like ""pin some white fabric to the back"" and ""foil backs look trashy"" are wild. That's not the issue. The issue is that the HOA needs to be told to fuck off into the sun. And all these people defending the HOA can fuck off rught along with these HOA busybodies.",aggression,0
mt0em5c,"[CONTEXT] Hopefully this will make Dump stop continuously hammering the guy. [COMMENT] You really haven't been paying attention.


https://en.wikipedia.org/wiki/Donald_Trump%27s_comments_on_John_McCain 


McCain was a member of Trump's party and still called him a loser and complained he didn't get a thank you for his funeral.


Fuck Trump.",bonding,2
mswn6ht,[COMMENT] I think they just want to fuck a president at this point.,ambiguous,1
msyez63,"[COMMENT] I don't care. I can't get myself to care honestly.

I knew a gazan online, of course, cheering on Oct 7, 2023 and I told them ""but wait, aren't you worried about what happens a few days from now? When you're quite possibly a refugee in Egypt"".


Didn't give a fuck. All they care about is inflicting damage on others. You can't help that which won't help itself.",frustration,4
mszk399,"[COMMENT] As a federal worker being forced back into the office, I really wished my department would tell DOGE to fuck off. We’ve actually INCREASED productivity when we went remote after COVID.",aggression,0
mre3szu,"[COMMENT] I stopped smoking weed every day. The mental clarity I have now is amazing. It took sitting down with an old boss, who is now just a really good friend, many many times, and having deep hard conversations with him after work. We would both stay like an hour or two after work, crack open a couple beers, id pour my heart out, and he'd listen and give me very sound advice that helped turn my life around. I was in a very abusive relationship with a bum and my boss helped me see things clearly that I was too stubborn to see. So I guess also leaving my fiance helped my mental health! 

Now I have an apartment with my amazing boyfriend who loves and supports me in every way imaginable, our dogs are calm, our home is filled with love, laughter, good food, and honestly fantastic sex. I had none of that previously. 

If someone is reading this and going through an abusive relationship, take this as a sign that you DO NOT have to stick around. It's ok to start your life over. You are worth it. I believe in you. It's going to be hard as FUCK at first, but it's the first step into your new life.",bonding,2
ms5z993,[COMMENT] I'm sorry bro but what the fuck. Take your kids and run and call for a mental health check on her as you flee. Does she have other family that know how messed up she is?,bonding,2
mre4c8q,"[COMMENT] All boring but I just ask my partner, “u wanna fuck?” XD",bonding,2
mrdysk0,[COMMENT] No fuck them,frustration,4
msxgwvx,"[CONTEXT] How many of Hamas leadership is still alive after this from when the war started? [COMMENT] Mossad doesn't give fuck about anything. Especially not hunting down Hamas. Watch Munich if you want to get an idea how far Mossad is willing to go. 

Its actually a pretty great spy film about the 72 olympic bombings and the subsequent hunt for members of the Black September terrorist group by a group of Mossad agents.",frustration,4
mqdi8e1,"[CONTEXT] Grub and Linux boot managers are the pinnacle of anti-consumer software. If anyone wants to ever learn how to NOT do things, look at Grub. [COMMENT] What the fuck",emphasis,3
mpr2tt7,[COMMENT] As someone who optimize all I have to say is... what the fuck is this shit? If you search the article not once does the word measure appear,frustration,4
mrl93z4,"[COMMENT] Okay question as an ECE worker/teacher because this entire thread is starting to confuse me: is it a double standard and only ""rules for thee but not for me"" when the singular person different from the pack is benefiting?

Because to me this *is* an accommodation for OP's child. People lost sight of what the word means. It's not instant gratification or making every little inconvenience go away forever. It's not ""you have to let my kid do whatever they want and give them everything INSTANTLY because they're autistic there can be NO HICCUPS!!!!""

If the norm is everyone can bring a teddy, but this little girl is on the spectrum and it causes problems when she brings hers (and she's the only one like this), why again would the entire class have to stop? That sounds like trying to center the world around your kid just because some things are inevitably uncomfortable or difficult to understand at the ripe age of 3 (which is true for everyone, not just ND kids.) That just sounds like punishing the mass for the status of one. Which is just as bad as not accommodating ND children properly imo. It can cause resentment from the other kids, which OP's daughter does not deserve, and doesn't give OP's daughter **a proper way to learn emotional regulation and that sometimes things can't go our way in life. And if anyone is blatantly arguing against that, please seek help and maybe do some research as well. And also don't have (more) kids.** The world is already full of self-centered, inconsiderate assholes and we don't need aaaany more.

Saw someone on here saying ""I hate when parents try to make their kids be grateful"" like there's no extra context, no more to that comment, nothing. And they were being deadass. Hate the current trendy selfishness-is-the-BEST!!! mindsets floating around.

If everyone was allowed to bring rubber bands to school for silly fridays, and my daughter was the only one flicking people with them, of course it makes sense to remove her, one child, from being able to participate until they improve or can show signs of readiness for this particular situation (which would be the teddy bear ofc).

Let's not pretend like it's not okay to make exceptions and handle things on a case-by-case situation. Getting the same treatment classwide is inappropriate if all the kids aren't on the same playing field. If your kid is the only freaking the fuck out over a bear, they don't get it. Which is not a punishment btw. But for everyone else it would be, so why would we do that to them even though they can mentally handle bringing one and behave with it? Simple as.",ambiguous,1
mq0i5bc,"[CONTEXT] https://youtu.be/P0aLoSF3c9Q?t=25m50s

This is the one at the top of my head. He's just making a big deal out of a nothing burger since AFAIK you don't have to mess with swappiness in Linux at all. [COMMENT] It is hilarious though because if you know anything about Linux though it's very simple what he is describing. He edited a config file and verified the change, all using extremely basic commands that you learn on day 1 of Linux terminal 101. But let's be honest, if you had no experience at all and were just told to type this shit out you would also be like ""what the FUCK am I even typing""",frustration,4
mrdx736,[COMMENT] FUCK NO,emphasis,3
mt1oa3v,[CONTEXT] Better than an oven at Walmart. [COMMENT] Fuck dude. Ya gotta bring it to that.,bonding,2
msl9vza,[COMMENT] Birds like ‘fuck off this is my scam spot’,bonding,2
mnwds7y,[COMMENT] What the fuck is this advertising lmao,emphasis,3
mrlxm9z,[CONTEXT] open the backplate and tighten the springs. [COMMENT] Can i do it without removing the strings? Is there a high chance to fuck up my guitar?,frustration,4
mrepgms,"[COMMENT] I hi was a angry daughter my mom married my stepdad and my dad wasn't super in the picture.
I did a lot of stuff I would snap at her and be mean as hell. I was drinking in highschool, smoking, smoking weed. She was still supportive and I eventually grew the fuck up (18-20's now 31 years old) and I'm still very close with her no rage or anything.
Teenagers can be absolute assholes and most of us are sorry after lol",emphasis,3
mriuymi,[COMMENT] Fuck having more kids.i want hundreds of dogs!,emphasis,3
mqjnu8f,"[COMMENT] This article absolutely nails it. Our profession was never treated nicely out of respect or anything else; it was merely very difficult to successfully abuse us. Until now, when every copycat executive has seemingly collectively organized to fuck us over.


The only reasonable response is to collectively organize right back. Fight for licensure requirements so that we can actually differentiate against outsourced competition. Unionize everything before they ruin our whole profession.",emphasis,3
msueh17,"[COMMENT] I kinda think this is a weird thing to prepare for.

Who is ever breaking into your house with the intention to kill your family? How many enemies do you have? The only reason I can imagine someone is breaking in your house for, is to take your money and belongings. Some random robber isn’t going to escalate their crime to triple homicide, they are taking your TV and getting the fuck out of there.

If I wake up to someone in my house, my first thought isn’t “he’s here to murder everyone in my family”, my first thought is that he’s a thief and is best left alone.


Plus, if you start shooting at a thief, you are basically inviting them to start shooting at you back. 99% of times, the robber is going to leave you alone, but if you shoot the robber, and miss, he will feel his life is in danger and he will respond by killing you.",emphasis,3
mqy6o73,"[CONTEXT] I'd like to understand what the fuck is going on at the Apache Foundation. They are supposed to be good guys. And they clearly have no interest in developing OpenOffice. Why don't they just donate the brand to the Document Foundation? This absurd situation has been going on for 15 years! [COMMENT] &gt;I'd like to understand what the fuck is going on at the Apache Foundation. They are supposed to be good guys. 

As I understand it, the Apache Foundation never really wanted it. Oracle just dumped the whole project to them because Oracle didn't want to ""waste"" any more money on the project. It doesn't seem like Oracle even gave Apache any funding; just ""here you go, good luck"".  To quote Bryan Cantrill:

&gt;Don't be open minded about Oracle; you're wasting the openness of your mind. Do not fall into the trap of anthropomorphising Larry Ellison. You need to think of Larry Ellison the way you think of a lawnmower. You don't anthropomorphize your lawnmower, the lawnmower just mows the lawn, you stick your hand in there and it'll chop it off, the end. You don't think 'oh, the lawnmower hates me' -- lawnmower doesn't give a shit about you, lawnmower can't hate you. The lawnmower doesn't care about open source. Don't anthropomorphize the lawnmower. Don't fall into that trap about Oracle.",frustration,4
mssvdja,"[CONTEXT] T'es clairement pas québécois toi. [COMMENT] Fuck off ta edité ton commentaire, moron. J'ai habité a gaspé, en abitibi et Jsuis né au Lac St Jean lol",aggression,0
msxf3gr,[COMMENT] It should say fuck biden ( my opinion ),aggression,0
msubwrj,[COMMENT] Ahhhh FUCK me ive used SO MANY pallets for personal projects. Like dozens. No idea what treatment they had,frustration,4
msn075h,"[COMMENT] Next time he has a bad day? *SMACK*
""Now stop crying, you're pissing me off more"".

Fucking *protect your child.* Grow a spine and get the fuck away from this man. PROTECT YOUR ABUSED CHILD, DO NOT MAKE EXCUSES FOR HIM, DO NOT GIVE HIM ANY MORE CHANCES TO DO IT AGAIN. Because we ALL know he absolutely would hit her AND YOU again if you just sweep this under the rug. 

Drag his ass through hell and then tell him with absolute conviction that if he EVER hits your child again, you WILL *immediately* call the police. Do not give him even a SECOND of reprieve. Literally if he's angry around your child, have 911 on speed dial. Because this shit is so unlikely to get better unless and until he takes accountability and takes the initiative to go to INDIVIDUAL therapy. And only if he was in individual therapy, would I agree to couple's therapy.",frustration,4
mpl1p41,[COMMENT] Ahem. Fuck yeah!!,emphasis,3
msq8qy0,"[COMMENT] “Fuck yea, Princess Diaries” - Roy Kent.

I’m a 44 year old married father of two. I hunt, have a big beard, drink beer and this is in my top 5 favorite movies.",emphasis,3
mrh63pn,[COMMENT] Absolutely fuck what nursery say! That's your baby and you do what you feel is right! Baby probably scared senseless with such a big change x,bonding,2
mre5onn,"[COMMENT] you mean paying? i dont care its not my life they are free to do what they want

  
or do you mean my ex? then it was hot as fuck when she was not around to get some steam off .",emphasis,3
mre0pn2,"[COMMENT] Got asked by several women over the years „should we fuck?“.
I love this approach, especially in this time and age, cause it gets right to the point with no room for misunderstandings.",emphasis,3
mr8t5no,"[CONTEXT] A Linux distro with a built-in AI assistant that helps you code, debug, and optimize your scripts in real-time would be a game-changer. [COMMENT] I would 't want that. Just today ChatGPT told me to install hyprlock by installing hyprlock-git with yay. And when it wasn't succesfull it said it is because of hyprutils and I should remove it to be able to install hyprlock. Had I done that my entire Hyprland would have crashed.

Now instead of yay -S hyprlock-git I thought I'll just try straight up pacman -S hyprlock. And to my surprise it worked. ChatGPT's response as to why it didn't suggest pacman in the first place was that it just thought the package won't be there. And it also mentitioned that it should have checked though. But it didn't.

I am new to Linux and dove to deep end by installing Arch. Using AI is very, very 50/50 even when you have some clue on what you are doing. I wouldn't want built-in AI to fuck up my system. External AI is trying to do it too constantly....",frustration,4
msvu6fh,"[CONTEXT] Correct. This is absolutely no less weird/cringe than all the ""Fuck Trudeau"" stuff. Maybe even more so because it's a foreign politician. [COMMENT] &gt; Maybe even more so because it's a foreign politician.

I don't think that a ""fuck Putin"" symbol would be weird/cringe in the USA, simply because he is an obvious enemy (as Trump is to Canada).",bonding,2
mriim62,"[COMMENT] My kid could not pronounce ""truck."" Plus, obsessed with trucks, so whenever we were out and he'd see a pickup it was ""FUCK! FUCK! FUCK!""",bonding,2
mswrwd9,"[COMMENT] if one of the two burns the other too.
Fuck where are my matches.",ambiguous,1
mq4baan,"[COMMENT] If your setup fucks up because of a blue background, you don't have a computer — you have a toy. Stop blaming Microsoft for your $400 Craigslist potato. Back in 2016, I used a $300 junker with 4mb/s internet, and I still wrote better code than most of you do today. Maybe the problem isn't Windows, maybe it's that you're soft and expect Chrome and VSCode to run like NASA software on decade-old trash. Learn to work with what you've got, or get out of tech.",frustration,4
mszrfd2,[COMMENT] What the fuck is he going to see from 37’000 ft?,emphasis,3
mrilw38,"[CONTEXT] My kid could not pronounce ""truck."" Plus, obsessed with trucks, so whenever we were out and he'd see a pickup it was ""FUCK! FUCK! FUCK!"" [COMMENT] My son was obsessed with construction machines when he was a toddler, and called dump trucks ""dumb fucks.""",bonding,2
mrzm7u2,[COMMENT] Why the fuck isn’t your husband being a husband?,frustration,4
mqhi4z4,"[CONTEXT] You say that now

Wait until the problem is the ethical compromises the new browser makers have to make to survive

Brought to you by Carl's Jr [COMMENT] Fuck you, I’m eating.",aggression,0
mrdxf0p,"[CONTEXT] I had a girl just ask. I had to confirm whether or not she was serious. Then, I had to go and fuck it all up. [COMMENT] A girl I was with for the first time. We had undressed each other on the couch, she was lying there and said ""fuck me"".

My first response: ""are you sure?"".",bonding,2
mqidtwz,"[CONTEXT] &gt; super easy to install

You're saying that assembling your system in bash is ""super easy"" to do?

Compare that to installing Windows. [COMMENT] tbf, the windows installer loves to fuck up random things, like not finding wifi cards, erroring when trying to create an account, requiring an account, etc",frustration,4
mr2d43d,"[CONTEXT] Have you simply tried not making any mistakes ever? Easy as that [COMMENT] Mistakes?

There’s a reason new C competitors all force you to carry buffer lengths, and some try to differentiate between single and multi-element pointers.

These fucks will constantly say “just send lengths too” and then they do “actually, I know, let’s use special values instead!”

Loads of times it isn’t a mistake. It is an intentional decision to ignore practice to do something “clever” that backfires.",aggression,0
msk0521,[COMMENT] Ahh? Seriously. ASS! Fuck that idiotic TikTok censorship bullshit.,aggression,0
mswmoh6,"[COMMENT] where the hell do you even find a fuck trump flag?

we're better than them

ugh.",aggression,0
mpua6vp,"[CONTEXT] You shouldn't be installing Kali in the first place. Also it's pretty clear the guy is re-installing, not taking 300 days for a single install. [COMMENT] Who the fuck made you god of Kali Linux",aggression,0
mpxlm9j,"[COMMENT] Watching the video and having grown up in England, the content, his nice accent &amp; diction, combined with casual swearing in a very British style (“… a metric fuck-ton of options …”) makes the video worth watching.",emphasis,3
mqkdy3g,"[CONTEXT] &gt; (or create new ones)

alright you go and create and then you tell me [COMMENT] I'm not the one being paid hundreds of millions of dollars, neither am I a federal regulator trying to break up a messy monopoly. I'm just a user wondering why the fuck people are so blind in trusting a corporation just because it's an open source contributor and a non profit. Corporations are still corporations, being a non profit is by no means a label that they're a charity",frustration,4
mqmsjlf,"[COMMENT] &gt;someone who has never learned a lick of syntax

you dont need to know programming to use linux and syntax would only be relevant if you do need to use the terminal for anything ( but syntax =/= programming) 

depends on the games you're playing. if you're trying to play a lot of multiplayer games, may not be the best choice. check [areweanticheatyet.com](http://areweanticheatyet.com) to see if the games you're wanting to play will work. 

if you're mostly playing single player gamers, you're probably luck cuz most of those will just work with out any issues. 

then movies/youtube is generally fine, though a lot of people tend to forget that a lot of streaming services implment their own drm for some fuck'n reason that limits linux from full HD streams in most cases. I think netflix will do 720p max, the rest will only do about 480p. youtube will do full HD streams, but the rest just kinda suck.",frustration,4
mqhf4br,"[CONTEXT] Chromium development is largely supported by Google, presumably Microsoft will have to cover the losses. [COMMENT] Yeah, but it won't ""fuck"" them. They're just going back to what they were already doing before Edge switched to Chromium",emphasis,3
mntj7au,"[CONTEXT] I’ve been on mmd princess tactile v4 for a month and they’ve been my fav. Had U4T, Akko V3 Creamy Blue prior. [COMMENT] God I love my princesses. I put some in my GMMK pro to liven it up and holy fuck they’re loud. With the Akko clear black keycaps that thing is a machine gun. 

I’d say similar tactility but “feel” shorter throw and definitely need a lube but they’re dope.",emphasis,3
mt0dy2d,"[CONTEXT] I should note that I was pro-Palestine for 20 years. October 7th was a harsh wake up call that got me to reassess my assumptions about who the real bad guys are here. Since the 1920s, radical Arab nationalists have been adamant about NOT coexisting peacefully with the Jews. 

I want Palestine to be free and independent. But they need to reject both terrorism and land claims to Israel proper which they have lost through 80 years of starting and losing wars.

It is truly the ""Lost Cause"" of the Middle East, born from the genocidal dreams of Amin al-Husseini. [COMMENT] I am done with all of middle east fuck it",frustration,4
mq8bf9w,"[CONTEXT] No, you said it was ""a pointer in the end,"" which is completely incorrect. It's only ""pedantic"" if you don't work in systems programming, but it very much matters if you're going to store a pointer or an integer in a struct. [COMMENT] An array indexing is a pointer yes, Jesus fuck",aggression,0
mswd4l0,"[COMMENT] The left knows, but there is nothing we can do when conservatives are naizs. How the fuck are we supposed to reach peace with fascist that are literally killing people? There is no compromise on equality. There is nothing the left can do but continue to fight against evil.",frustration,4
mt3j0q1,[CONTEXT] Collective tears of happiness from Indian Rafales that they decimated [COMMENT] Buddy you realise an average indian doesn't give a fuck if the army lost a Rafael? However with no water an average Pakistani citizen will definitely have their daily lives impacted.,emphasis,3
msz68ui,"[COMMENT] Fucking dumbass. You don't announce that you're seeking an urgent meeting unless you've already secured one, or you leave yourself wide open to humiliation if the other side says ""no fuck off""",aggression,0
mt1l702,[COMMENT] For real. Somebody like that might fuck up the country's perfect credit rating,emphasis,3
mqfs7h4,"[COMMENT] shut the fuck up

now",aggression,0
mrdth2a,"[COMMENT] Me: I'm hungry and I'm horny, dangerous combo. 
Her: You're always hungry and horny. 
We both get done eating. 
Me: Wanna fuck?
Her: I'm watching Ninjago.
Me: Okay and? I'll put it on the big screen after. 
Her: Sounds good to me.",ambiguous,1
mswezv0,"[COMMENT] People wanna fuck some weird options man. This age range? Really? These particular guys? Oh, it’s not literal? Nevermind.",ambiguous,1
mt43lxu,"[COMMENT] What? What on God's green earth did I just read? You're just gonna passively accept the idea that ""Russians have been selectively bred like dogs until they're all stupid and weak and that's why bad things keep happening to them""? Holy fuck. 

Let's be very clear: *this is stupid bullshit*. Leadership is not a trait you can ""breed"" out of a population. A few hundred years would not be anywhere close to enough for artificial selection to meaningfully change population dynamics of a regular city, let alone a sixth of the landmass on the planet. 

The ""selective breeding"" is only the most obviously stupid thing about this whole stupid argument, though. It's not even accounting for things like... migrations? The dozens and dozens of different ethnic groups comprising an empire that spans multiple continents and centuries? The fact that borders in a landmass that large were effectively ungovernable except in the most dense centers of power? 

And then this ignores how dumb the rest of the argument is; like, they've been ""selectively bred"" by ""long-term design"". Oh, okay - so clearly the fucking Bolsheviks were following in the steps of their vaunted forefathers, the Romanovs. Lots of ideological continuity there, so that makes *tons* of sense, right?

I can't even get into any historical context because I already feel my brain melting out my ears. But please: **do not believe everything you read on the internet, even if they spout the bullshit with confidence**.",emphasis,3
mqyluqm,[CONTEXT] I joined parenting groups and now I get all sorts of menstrual pad ads. [COMMENT] Good pads are bomb as fuck. Most of my family is ladies so I’ve got my fair share of picking out products when supplies have vanished.,emphasis,3
mqmifby,"[CONTEXT] Have you tried played on a slightly overdriven tone? [COMMENT] Yes fool. I play death metal but that doesnt mean its all ive ever played in 20 years. Ive owned USA strats and les Pauls, on those i mainly played a lot of blues and classic rock on, but keep the downvotes coming bc this whole topic is stupid as fuck😂",emphasis,3
mpj8arg,"[COMMENT] Option 3. It’s like a briefcase back in the day. You have one, admiration. You open it around friends to their amazement, admiration. He’s a lucky guy. Also, you could wrap it in newspaper and he would give a fuck.",frustration,4
mr6lrql,[CONTEXT] Hey I recognize your username! What’s your deal? You’re constantly on programming subs being a jackass and shitting on people’s achievements. [COMMENT] The actual fuck are you on about.,aggression,0
mqk0oge,"[COMMENT] I really like the project- but they want you to keep the default logo and it's cringy as fuck. It's MIT licensed so they can't exactly stop you, but still. I would not want a business website with the default Anubis logo.",emphasis,3
msw99ux,"[COMMENT] Then you're referring to the one from the 1982 Carlin at Carnegie special which was ""Have you noticed that most of the women who are **against abortion** are women that you wouldn't want to fuck in the first place.""

So you're still wrong. The quote was making fun of people who are against abortions, not people who get them. No other HBO special of his opened with an abortion joke in the 80's, the next one was the 1996 one which had nearly the exact same quote.",ambiguous,1
mse0ncp,"[COMMENT] Every time my daughter threw up from the ages of 0-5, it was directly on me specifically. Just projectile vomiting each time. And every single time I yelled “What the fuck!?!” because it caught me completely off guard. She’s ten now and has literally no memory of it. Your kid is going to be fine. 

If it helps, children literally do not develop the brain structures to form long term memory until roughly age five. They literally cannot remember anything before that. So you’re all good!",emphasis,3
msup56m,"[COMMENT] Correct. This is absolutely no less weird/cringe than all the ""Fuck Trudeau"" stuff. Maybe even more so because it's a foreign politician.",frustration,4
mrlat8l,[COMMENT] What the fuck. What the fuck. What the fuck. Call DCS. Document this!,emphasis,3
mrpuxbj,[COMMENT] Who the fuck invented HOA? Sounds soo miserable.,emphasis,3
msttv1r,"[CONTEXT] And a racist pos that busts Unions. [COMMENT] Dude it's been 30 plus years since that, anyone else could've pushed for a union but they're selfish assholes. Yall just want to blame Hogan and pretend no other wrestlers are selfish like he is. 

Everyone whose signed new contracts with the Fed in the last 18 months, are selfish like he was and don't give a fuck about a Union. They got what they wanted and they'll happily pay their own insurance. A guy like Randy Orton has been making Millions for 20 years and everyone could eat shit for all his cares.",emphasis,3
mqx2c67,[CONTEXT] Fuck yes [COMMENT] Fuck yes based on what?,emphasis,3
mqefbgv,"[COMMENT] ""I KNOW THE FUTURE MORE THAN YOU. YOU STUPID. MACHINE SMART ME FAST."" Blahblahblah. Do something more worthwhile with it than writing a shit zero-grounds medium article or fuck off back to the dark corners of forgettable mediocrity with these attempted scare tactics of self-indulgent noise.",aggression,0
mt0ce0p,[COMMENT] fuck cancer,bonding,2
msxpqku,"[COMMENT] Suck it bitch!
Fuck Hamas! Fuck Genocidal Palestine!",aggression,0
msuk02d,"[COMMENT] Agreed. It's almost ""Fuck Trudeau"" energy.",ambiguous,1
mqvwgt1,"[COMMENT] &gt; 2. Most workloads don’t need distributed OLTP. Hardware got faster and cheaper. A single beefy machine can handle the majority of transactional workloads. Cursor is powered by a single-box Postgres instance. You’ll be just fine.

This has always been true. 99% of sites need to chill the fuck out, you're not Google.",frustration,4
mt05dvn,"[COMMENT] Remember guys, if you don't fuck with Bees, they won't fuck with you. They're not going to hurt you if you're not close to their hive or if you haven't been stung already. 

Reacting frantically increases the chance of accidentally killing it, causing it to sting you. In which case you might get more Bees chasing you. 

Calmly let it do its thing and leave. If it lands on you, maybe just blow it off or gently swat it away. Like seen here by our gentlemen in suits.

I think a lot of people react frantically to Bees because they perceive them as a threat. This could be because they don't know how to differentiate a bee and a yellow jacket or hornet. But as we see here, she's scared of it despite knowing it's a bee. 

I know a lot of people have phobias and whatnot so I don't mean to sound insensitive, but Bees are not usually a threat. 

P.S. if you are near a hive and not a beekeeper, it is reasonable to be afraid of them. Wear light colored clothes, and/or a bee suit. Dark colored clothes look like bears or other creatures that typically threaten hives. They will be more likely to attack you if you get close. And leave the area promptly.",emphasis,3
msu4ncl,"[COMMENT] No, he's just an egotistical prick that's salty as fuck that he was never able to expand his relevance outside of the realm of professional wrestling. He says all that outlandish shit to seem like he was a huge deal in spaces he was never a part of.",emphasis,3
mszyemz,[COMMENT] Holy fuck what year is it,emphasis,3
msswkq4,[CONTEXT] Him and JD are a pair. Imagine these two clowns doing their makeup next to each other in the mirror. Real men.. [COMMENT] For someone who spends a lot of time outdoors in florida golfing how the fuck do you not get a natural tan? I am a white guy in georgia and I use sunscreen because I dont want cancer but even the hispanic guys that work with me noticed I got a really dark tan from working outside for months at a time. Even with sunscreen you wouldnt have the creepy white death skin he has. All of it is unnatural.,frustration,4
msx80g5,[COMMENT] Fuck that horribly made pizza always makes me die laughing,ambiguous,1
mrdy78w,[COMMENT] 0 fucks given for astrology signs,emphasis,3
mqwoe90,"[CONTEXT] Idk, it’s a tad subtle for my taste [COMMENT] &gt; Idk, it’s a tad subtle for my taste

I'd rock the fuck out of it",emphasis,3
msxe4fz,"[COMMENT] Well duh, how else are they gonna hate-fuck each other?",emphasis,3
mt3e474,"[CONTEXT] China realizes that having allies can be nice.

They should try it sometimes [COMMENT] Yep, Israel, Russia, and France came through in spades.  US can't figure out what to do that won't fuck itself over 20 yrs down the road.",frustration,4
mqcf6vb,"[COMMENT] The criticism about the drivers, at the very least for the video card or IGP is valid. It is so needless complicated compared to how Windows handles it, which is barely by giving a generic driver so you get video output on your display and then let's your GPU manufacturer provide the driver. They don't have driver support for that card for that version of Windows? Well there you go, it's the card manufacturer's fault. They do have a driver? Just download and install, ez peasy lemon squeezy.

  
On Linux?

  
If you have nvidia card and the particular distro either offers a version of the install with nvidia proprietary drivers during installation or you'lll have to figure out a post install way of adding them with terminal commands. Who tf expects a casual PC user to use terminal commands for basic things like installing video card drivers?

  
Then there is the trouble shooting issue. Suppose you have AMD card and it's supposed to just work but it doesn't. Maybe, like trouble shooting for nvidia, the card is too new of a realease for the distro/lernel version you installed or the card is too old and the driver support was discontinued AND the Linux distro version has no easy way or any way to install older drivers. For new cards, the solution is easy, install a rolling release distro with new kernel and drivers. What about the guys with older cards? Well fuck them, that's Linux's answer for casual users because there is no obvious way what they should do and the tutorials they do find are likely out of date or worse they work but there are lots of bugs and because there is no official support for them, none of those bugs will get solved. Worst still the issues will keep increasing as they install more programs and try to change GUI settings that work for others fine but crashes their system or gets them a blank screen instead.

  
I have been using Windows for 20 years and Linux on and off again for over 10 years and even I don't really understand the Linux video card driver, what is supported and what is not supported, how to troubleshoot, how to handle IGPs or mobile GPUs or solve issues like for example having both an AMD IGP and dedicated GPU and games default to the integrated one. Even worse, imagine now that Intel makes dedicated GPUs and you have one of those fucking things AND and Intel IGP and the software you run defaults to the IGP. What do you do?



 I don't get it and I say that not being ashamed but due to Linux's approach to drivers being shit and subpar to Windows way of doing things. By fuck also stop crying about Wayland replacing X11, that should have happened in 2005 not 2025.",emphasis,3
mre0k5t,"[COMMENT] Nice shoes, wanna fuck?",ambiguous,1
mq47hnv,[COMMENT] what the fuck am I reading,bonding,2
mqrdtbg,"[COMMENT] The ""sweet spot"" of 12 hours a day. Yes - go work from 9AM to 9PM.

Fuck off.",frustration,4
mskon5h,[COMMENT] Why can't you just turn em off? Why do I have to fuck around in settings to turn something off? Ridiculous.,ambiguous,1
mq23sdw,[COMMENT] Why would anyone want to fuck Trump? Is it because he grabs them by the pussy?,emphasis,3
mr89uvw,"[CONTEXT] Good pads are bomb as fuck. Most of my family is ladies so I’ve got my fair share of picking out products when supplies have vanished. [COMMENT] ""How much flex do you want?""

""What the fuck are you talking about, Mike?""",emphasis,3
msxny0d,"[COMMENT] The world order setup in 1945 needs to fckin change 5 nations can do whatever fuck the want amd just veto a useless vote which even if u lose nobody gives a shit. US, Russia, China are absolutely untouchable unless u create 3 (Other 2+ROW) :1 situation.",frustration,4
mstzk3c,[COMMENT] What the fuck does that mean 💀,frustration,4
msgk8w2,"[COMMENT] With ""fuck you"" written above it",ambiguous,1
mpo2ok0,[COMMENT] Because FUCK MICROSOFT!,aggression,0
msaexvi,"[COMMENT] The short answer is: No.

The long answer is:  What the fuck are you on?  Nobody is going to mail you a several hundred to several thousand dollar instrument you can take apart and send back with worse parts for any reasonable sum.  

That's an insane model.  Nobody is going to send you a $3K LP for you to steal the pickups out of for any amount of money shy of $3K.  Basically, either go to a store and play OR buy and send back a bunch being that person that sweetwater and musician's friend hates.",aggression,0
mq29cdz,"[CONTEXT] And we all know that once you get a sticker on a guitar it’s permanently affixed and can never be removed, right? [COMMENT] Plus you know which part of that sticker is going to wear off first due to playing with that placement right? The word “fuck” and then what will it say?",ambiguous,1
msx83f2,"[COMMENT] Then there’s my house, fuck em all",frustration,4
msva0es,"[COMMENT] When you’re like *fuck the world.. *

But just too tired to express it.",ambiguous,1
mrdyvmp,[COMMENT] Im drinking with my friends. This one coworker should up and bought me a beer cuz i yelled at him cuz he slow as fuck lol,aggression,0
mqokoxt,"[CONTEXT] 7M is quite modest for a CEO (if you don't believe that, look it up), and Mozilla CEO probably will just resign instead of taking a pay cut.


7M is such a small number -- you might be able to hire 30 developers in the US (more elsewhere), that's it. A paycut is barely meaningful. [COMMENT] holy fuck you LOVE BEING POOR",ambiguous,1
mq6l62q,"[COMMENT] You just got that saddle replaced at GC...your saddle looks pretty high, as a brand new unmodified saddle should. Which would fuck your action. It just needs to be sanded. You can do it yourself with a straight edge, pencil, and some 80 to 120 grit sand paper. Plenty of tutorials on YouTube, or I could give you a quick rundown.


I personally think that guitar tech is trying to take you for a ride. Saved himself some work by not setting up your guitar properly, and is angling to get a sale out of you.",emphasis,3
mt3jftj,"[CONTEXT] Indian’s air chief when asked to question to put an end to the Rafales being shot down “Losses are part of combat.”

https://www.reuters.com/world/pakistans-chinese-made-jet-brought-down-two-indian-fighter-aircraft-us-officials-2025-05-08/

https://theaviationist.com/2025/05/07/indian-rafale-shot-down-photos/

https://www.aljazeera.com/news/2025/5/14/did-pakistan-shoot-down-five-indian-fighter-jets-what-we-know

https://www.reuters.com/world/asia-pacific/three-fighter-jets-crashed-indias-jammu-kashmir-local-govt-sources-say-2025-05-07/ [COMMENT] Lmao. First article published by ""idrees ali"" and ""saeed shah"".......""anonymous US officials"".......""high confidence"" LMAOO

2nd article....... again ""unnamed"" some french official.

Fuck al jazeera 

And the last one is a ""claim"" by some paki. Yeah we're definitely going to believe that.",aggression,0
mt0860f,[CONTEXT] He does it because he knows people like you will react. Can’t help yourselves. [COMMENT] And that’s a normal thought process? To just announce how much you love a despot and bait an argument? Fuck is wrong with you guys?,aggression,0
mo7kn2t,"[CONTEXT] May I ask did you ever have issues with us? As the situation above is not very well explained so I wonder why the twist, as the story was told yet again pretty differently to the reality. The only wrong doing here was we did not refund within the stated 62 hours. [COMMENT] I looked at the screenshots and I do not think you did much wrong.

But, I'd strongly advise you to just provide the facts as you see them when engaging on Reddit.

You're not answering well, and it really doesn't seem that you're taking people seriously.

To answer your question, no, I haven't had any problems with you and I've ordered a few things. However, I have had issues with other companies and as I don't have the time or inclination to stay up to date on vendors, your reputation matters. I have had issues with other companies in the keyboard community and I buy on reputation.

However. I do wish people who haven't bought or had issues would fuck off and not downvote comments. It doesn't help.

As a business owner myself, I really think you need to stick to the facts and not be ""funny"" on Reddit. Your responses don't look good.

I will most likely buy from Candykeys again. But your responses here aren't very professional.",aggression,0
mt1cqbc,"[COMMENT] Again it’s about compassion dude. Have some empathy for the poor buggers and try caring a little. Imagine you had one arm and all you hear for years is “hey I think you’re a nice guy but I don’t wanna be with someone with one arm”

And actually imagine that dude, every time you put yourself out there nobody wants a bar of it. It’d be absolutely soul crushing. It’s not about “buying their happiness” so much as it’s about making them happy to actually live in the first place. 

I know at first glance it sounds bullshit. Wtf why do the cripples get free sex?! It should be free sex for all or none! But you gotta use some empathy and think about what itd really be like to walk a mile in them shoes and what something like that could do. It could save lives ironically, depression kills. 

Thinking nobody would ever love you and shit like that could really fuck someone up. We put money into mental health, in a roundabout way it’s the same thing.",emphasis,3
mq6zg9h,"[COMMENT] So interested but also, the U.S. tariffs are going to fuck this hobby up so hard for those of us here",emphasis,3
mqoy07k,"[CONTEXT] Cursor is definitely in that category of “you don’t currently get it”, a lot of folk are sceptical but everything I’ve seen says agent coding is going to work and change the way we do our jobs significantly, just likely the big tech will eat their lunch. Cursor could be a good JetBrains acquisition so they can shore up their position in the market

Edit: as predicted, Reddit doesn’t get it [COMMENT] &gt; Cursor is definitely in that category of “you don’t currently get it”

Nobody is saying that AI won't work or won't be a good complement for existing products, that's not why you're downvoted. People are saying that Cursor isn't worth ~~$900M~~ $9B lmao.

&gt; Cursor could be a good JetBrains acquisition

JetBrains can just develop their own AI or find a partnership for &lt;100M, why the fuck would they buy Cursor for $9+B?

""yOu JuSt Don'T GeT iT""",frustration,4
msuqvtm,"[COMMENT] I feel like the things that are common knowledge/accepted in wrestling would confuse the fuck out of people. 

Like everyone knows about the incest angles from vince, or the necrophilia storyline about Kane, but outside of wrestling those words are insane",emphasis,3
mphyqov,"[COMMENT] I mean it's nice for some very new hardware, say if you want to use the latest kernel and don't want to fuck around with building it yourself and doing all the module stuff.

Other than that, it's just another distro with its own set of philosophies.",emphasis,3
mqso1fu,"[COMMENT] You don't. You keep buying stuff until you're settled. I think you're a bit overestimating the differences between all of these pieces (you can eliminate whole categories pretty quickly if you start trying stuff), but that doesn't mean you won't still spend tons of money until it's just the way you like. I have like, 14 keyboards or so and a few hundred switches and dozens of keycap sets.

But I've been running the same board for over a year now, have been running cherry profile keycaps for two years now, have been running linears for 3 years now, have been using some sort of metal material for my case and plate for four years now, etc.

Narrows down over time so now I can just keep an eye out for interesting keycap sets (unfortunately a severe decline in these since the pandemic as everything goes for more mass appeal aka boring as fuck), linears similar to my current ones, and any new innovations in the hobby. Those innovations are extremely few and far between, so it's really not much to keep up on now.",emphasis,3
mqwwho7,"[CONTEXT] Saying he sucks is like saying that Jeffrey Dahmer had some issues. It's such a wild understatement that it's actually misleading.

Trump more than sucks. Trump is one of the single worst people to ever be US president, and he is going to cause untold suffering to millions by the end of round 2. This is not an exaggeration, just wait until the deportations REALLY get going and his economic ""policy"" really starts hitting home. [COMMENT] People like you are the reason I am burned out on the fuck trump thing. 


You just take things too far and then they become meaningless. 

You are actually hating on me for not hating trump enough.",bonding,2
mrdvmpf,"[COMMENT] Fuck him and his anti-LGBT views.

https://www.thepinknews.com/2025/05/08/pope-robert-prevost-lgbt/",aggression,0
mp6t36w,[COMMENT] People still doing these cluster fucks of a connector should be kicked in the nuts.,emphasis,3
mt3agia,"[COMMENT] Americans, despite drinking relatively less, and being known to drink substantially less, actually consume a fuck ton of tea anyways.  The bulk of our consumption is in the form of iced or sweet tea, that we kinda forget is even tea.  You can get it at any fast food joint in the country.",emphasis,3
mqwzn8l,"[CONTEXT] Yes keep proving to me more and more people are turning away from the DNC and how extreme leftist are a problem in the USA. 

I am not a trump supporter but some how it’s still my fault because I don’t hate him enough. [COMMENT] Fault? Sounds like you're taking more out of what I've said than what I've actually said.

Look, I know it's frustrating to be bombarded with this stuff, but the reason why there's so much anti Trump stuff is because of the *sheer amount of bullshit he puts forth constantly*. He knows people will get burnt out on hearing about it, so he keeps flooding the zone. It's intentional, and it's working.

Has it occurred to you that there's so much fuck Trump stuff because... he's actually really really bad? In a way that's not normal. Sure, I don't like Republicans in general, but they've never been like this in my lifetime. This is history textbook kind of stuff, where future kids reading will be like ""this fuckin guy? And people just let it fly?"".

Sorry if any of this comes across as a personal attack. It's not meant to. And I'm not trying to make you feel bad for not having enough hatred in your heart. I'm trying to explain how serious and not normal this situation. This isn't just bad, this is a dangerous time.",frustration,4
mrcu9vd,"[COMMENT] Fucking america, I tell ya what. Why the fuck are you having to contact this transportation department, like fuck off. The school should be doing that. I'm sorry you're dealing with this. What a shit shiw",frustration,4
mre53w1,[COMMENT] To fuck an AI in person,ambiguous,1
mqk7295,"[CONTEXT] [deleted] [COMMENT] Its telling how everyone is speaking of unions in here. Unions are great to be in, at the expense of *literally everyone else* 

Longshoremen held the entire country borderline captive because they do fuck all and wanted to get paid even more for doing jobs that the Chinese have fully automated away. Police unions do exactly what theyre supposed to do, and protect their union members. But idiot redditors cant put two and two together and realize that unions arent ALWAYS the solution. 

Again, Im not anti union, but theyre certainly not all sunshine and rainbows.",frustration,4
mspc5o7,[COMMENT] Yup. These women “moms” have become lazy fat fucks,aggression,0
mszaaef,[COMMENT] I literally just told my wife's yesterday one of my secret powers is I can make any guy climb a tree with me if we are in person. Yesterday I convinced 2 people to climb a tree with me. Fuck the haters,aggression,0
mswqi4e,"[COMMENT] ""Fuck Donald, right? Fuck Joe Biden, yeah? Fuck that fat poof Vance that hangs out with him. Fuck your face, yeah, yeah? And fuck the fucking lot of you all!",frustration,4
mpl9snf,"[CONTEXT] This is the most ""we have GMK Dualshot 2 at home"" keycap set I've ever seen [COMMENT] Fuck abs ☺️",bonding,2
msn6jab,"[COMMENT] Uh, I’d be out. If any man touched my child like that, I don’t give a fuck if it was her dad, I’d be out. He should absolutely not be around your child. Leave. Take him to court. Get custody of your child.",frustration,4
mr2mei7,[COMMENT] Fuck yeah 😎,emphasis,3
mqpccfg,[CONTEXT] That’s virtually no one. Everyone makes mistakes. [COMMENT] You know what I mean. They make fuck all mistakes,emphasis,3
mrdy577,"[CONTEXT] Oh wow... Just a cursory glance at that sub... it is filled with awful people.

AvoidAvoidAvoid [COMMENT] Not liking something is completely fine, but *any* time someone makes disliking/hating something a core part of their personality it's a sign of a toxic as fuck person.

Make things you love part of your personality. Not stuff you hate.",emphasis,3
mqtn356,"[COMMENT] I'm questionable about it. I use Portmaster and Librewolf connects to Google and Youtube services on computer startup for some reason. It also connects to a fuck ton of random IP's. I still use it and hope for the best since there's nothing else to use (Firefox, Chrome and Edge are all ruined, and the other browsers are guaranteed malware) but if something unethical was happening I wouldn't be shocked.",emphasis,3
mprp7ki,"[CONTEXT] I think a big thing is that there's *multiple* user friendly distros now, where 10-16 years ago distros like Linux Mint stood out for doing such innovative things like bundling Nvidia drivers so users can actually use their computer without knowing what the fuck a GPU is.  A lot more stuff has a GUI, immutables along with Flatpaks are *really* reslient against user error (Steam Decks in particular are surviving fine in the hands of users who have no idea what Linux is, even if they go into desktop mode), Wayland's progressed to where a lot more types of displays and configurations are handled nicely out of the box, Pipewire has resolved many audio issues, GPU support has improved *dramatically* with Nvidia in particular now sorta playing ball, the major DE's have had major improvements.

Sure, it's hard to argue that anythign could be quite as important as a distro installing via a GUI installer, if a distro does not have that then it's absurd to call it accessible (*maybe* you could make an exception for a TUI installer, but not having mouse support is gonna confuse some number of people).  But while that's a very *visible* improvement Linux distros made way back in the day when Ubuntu first came out with a GUI installer, there's been a ton of stuff happening in the background that has removed a lot of the pain points since then. [COMMENT] &gt; where 10-16 years ago distros like Linux Mint stood out for doing such innovative things like bundling Nvidia drivers so users can actually use their computer without knowing what the fuck a GPU is.

that made me laugh, but it's exactly why I first actually started seriously using mint as a desktop back then... I had tried a couple distros over the years (too many years, I'm old), and usually got frustrated and gave up",emphasis,3
mt1fine,"[COMMENT] My point wasn't who was right and who was wrong in the Spencer family drama, I just found it hilarious that in thread fill of vitriolic comments like '*man, fuck the Spencers!*' and '*those people are straight up evil'* one guy politely suggests that maybe Diana could have written a better will and is immediately met with ""Some people are only happy when they're tearing someone else down"". This whole thread is nothing but people gleefully tearing down Diana's family, but **that** was the comment that got someone on their high horse. If you can't see why that's funny I don't know what to tell you.",frustration,4
mswnr67,[COMMENT] The fuck is wrong with you.  People died.,aggression,0
mrdc67m,"[CONTEXT] I hear these job security seeking devops fools trying to justify this by saying, ""It would take 1000 developers 1 billion hours to save even $1 of AWS costs, so it just isn't worth it.""

Not only is this often wrong, but there can be other benefits; such as a great piece of highly efficient low running cost code can be copied. This can be used in maybe a dozen other features which, otherwise, weren't worth the ongoing running costs.

Also, if you keep things tight and fast, whole features which just weren't going to be responsive enough in real time, can potentially be created.

Also, opex is what often kills a company; not capex. Knowing which is best spent where  and when is not the job of Devops fools. [COMMENT] &gt; I hear these job security seeking devops fools trying to justify this by saying, ""It would take 1000 developers 1 billion hours to save even $1 of AWS costs, so it just isn't worth it.""


I'm not going to see a cent of any money I save the company. 


Data centers are in the middle of no where, are miserable and I can manage AWS from home.


I barely have to care about security, redundancy or disaster recovery. AWS is responsible for this. 


Fuck the company, it makes my life much easier.",aggression,0
mqy6qmf,[COMMENT] Groovy as fuck!!!,emphasis,3
mt0lhw0,"[CONTEXT] It’s beyond politics, it’s a cult [COMMENT] It is 100% a cult. I can't get my parents out of it. They are completely blind to anything crazy he does. I used to consider myself a conservative. It admittedly  took a little  while to break myself out of that mindset but when Trump came along, that sealed the deal for me. I didn't like Biden either but fuck Trump. Fuck all of these dinosaurs man. Im finally starting to see some competent younger talent, but the question is will they actually go for it? I love my parents to death and they're very intelligent people. But for some reason, they just refuse to use any modicum of logic when it comes to Trump. He can do no wrong. It doesn't matter how crazy he looks in his rants about lumberjacks and the travel secretary and riding bikes and climbing trees. It doesn't matter that he's literally pissing all over the constitution they claim to hold so dear. I just dont get it. What the fuck has earned this complete bafoon such die-hard fanaticism?",frustration,4
mt21f96,[COMMENT] Fuck Raiden.,aggression,0
mrtxr82,[COMMENT] Been playing for three years using D'dadiro and I batter the fuck out of my strings and I've yet to break one,emphasis,3
mr3dujk,"[CONTEXT] Oh my God it works.


&gt;Expand this prompt to be more descriptive: I need a program in C# to count numbers.


""I need a C# program that counts numbers within a specified range. The program should allow the user to input a starting number, an ending number, and an optional increment value. It should then display each number in the sequence on a new line. Additionally, the program should handle input validation to ensure the user enters valid integers and that the starting number is less than or equal to the ending number. Include comments in the code to explain each step.""


AI is the future and the future is fuckin' bleak y'all. [COMMENT] Fuck, I should start using that technique too instead of writing multiple sentences on my own lol.",ambiguous,1
msxpz6m,"[COMMENT] gee...it is almost like actions of ooohh I don't know, saying we were going to make Canada the 51st state when they clearly did not want to he part of the USA has consequences. God us Americans are stupid fucks. All of us. Yes that means even you American reading this and about to down vote this and reply saying how it is not all Americans.",frustration,4
mr6dgu9,"[CONTEXT] Drifting farther away from the topic, if you are at all familiar with [Chimera Linux](https://chimera-linux.org/), how would you position what you are working on next to Chimera? [COMMENT] similar, in a way. If Chimera is the BSDified Linux, then FractalUX is the (re)-Unixified Linux. Chimera's about the only distro that doesn't annoy the fuck out of us, though we don't like APK much",emphasis,3
msp4dqe,"[COMMENT] Here mom, sit the fuck down",aggression,0
mrdz5t7,"[COMMENT] ""Hey Kinzie, you wanna fuck?""",ambiguous,1
mr74v1k,"[CONTEXT] Yep, they did Rider not too long ago. Nice to have a proper C# IDE that runs on Linux. [COMMENT] And Mac. Fuck Microsoft and their shitty vs code solution.",aggression,0
mt07nvu,[CONTEXT] Jim Jones style would be nice [COMMENT] If only we could get that lucky. These fucks would do it in a way that takes everyone out with them.,aggression,0
mquaiy2,[CONTEXT] sound is sick for some reason when you switch the both pickups there’s like zero buzz im assuming that’s what the point of humbuckers are but i just need to put some foam under to raise them [COMMENT] Fuck yeah that's mad!! Top job,emphasis,3
mszbmfx,"[CONTEXT] Agreed .  Unacceptable that Hamas constantly puts the Palestinians in danger by using civilian structures for military purposes.   Specifically to cause death to innocent civilians.  Anyone who supports that is not sane [COMMENT] Yeah like the time they piled up in multiple ambulances with lights and sirens on their way to help people only to get ambushed and murdered by Israel. Put in a mass grave, and have the IDF give a completely false report on what they saw and did. 


Oh wait that wasn’t hamas they were paramedics. 
The IDF murdered medics. Then lied about it. 

That’s what parties in war do. They lie to fit their narrative, (weapons of mass destruction) especially parties that pay our senators millions and have influence and power in our media. They tell the narrative. Fuck that. 


Anyone who supports this is not sane.",frustration,4
mqrsy4s,"[CONTEXT] I agree with most of what you said, but you keep dropping ""facts"" without evidence, yet complain when someone else does. [COMMENT] It's very easy to google perf of Scala/Haskell/whatever-fuck-functional language compiler vs C/C++/Rust on gcc/clang/LLVM. I'm not gonna paste any links because it's a known blowout. If you're dying to prove to yourself that compilers for procedural/imperative/impure languages can do basically everything these ""functional pure"" languages/compilers do, you can peruse LLVM 's AA and SLP vectorizer (just two standout optimizations - there are many others):

https://github.com/llvm/llvm-project/blob/9544943e2458597dc2cdcbed6de2a8d50da0d382/llvm/lib/Analysis/AliasAnalysis.cpp

https://github.com/llvm/llvm-project/blob/9544943e2458597dc2cdcbed6de2a8d50da0d382/llvm/include/llvm/Transforms/Vectorize/SLPVectorizer.h#L58",ambiguous,1
mq7bm21,"[CONTEXT] He also started using banjo strings because they're thinner and require less tension. 

And yet, for some people, thicker strings are considered ""more metal"" and they think that you need thicker to play heavier. But then again, what does Tony Iommi know? He just invented the genre and some dozens sub genres. [COMMENT] That guy doesn’t know shit about fuck. /s",emphasis,3
mqej2vi,"[CONTEXT] https://en.wikipedia.org/wiki/Kool-Aid [COMMENT] is this a racist joke because I'm black??? fuck you, cunt",aggression,0
mqdyxuy,[CONTEXT] MINE WAS UPSIDE DOWN [COMMENT] Mine too!! Since when the fuck does which way up apply to c type chargers???,emphasis,3
mrhnv2f,[COMMENT] what kind of fuck ass comment is this holy shit,aggression,0
mre0g7z,"[COMMENT] ""Thank you. That means a lot. I have something to say to you too:

*Fuck you...you fucking prick*. ""

Hey, I need to get things off my chest too.",frustration,4
mstfw5m,"[CONTEXT] And then would've led to career suicide for Murphy and possibly jail time. Not worth it in the least. [COMMENT] lol yes I’m aware that the consequences are not actually worth the action, I was being dry.

Fuck Tom Parker tho.",frustration,4
mre2n9l,[COMMENT] nothing cos fuck  capitalism,aggression,0
mswqqd2,[COMMENT] Fuck both.,aggression,0
mt3kdvw,"[CONTEXT] As a young parent (19) I would suggest waiting until you are more secure financially, mentally and in a long term relationship who wants to go on the journey with you. Having a baby, a child, is so much more than people think. It's not just a baby but they grow up and you need to be prepared to think about beyond jusst the baby years. Having a support system is incredibly important otherwise it can be incredibly difficult. Maybe when you've got an established adulthood and a really good support system you could consider it even without a partner. For now I'd suggest getting into babysitting or something where you get to spend a lot of time with children, get used to the good and the bad, it's great to help prepare you while kind of getting to experience parts of it without the responsibility of being a full time parent yourself. Either that or avoiding children completely for a while. [COMMENT] The fuck man (not to u) why everyone is thinking I am adopting a child right now I said I am not... I just want the reasons for having such wants in a young age that's all I am not adopting a child I said that in the post too....",frustration,4
mssg9mo,[COMMENT] you got me flying the fuck off bc damn,ambiguous,1
mr4qds2,"[CONTEXT] I'm not expecting a single kick starter I backed to ever come through. And I'm looking into how to cancel all of the ones I already pledged. [COMMENT] Did not think about my 1-2 year old kickstarters, fuck me lol",emphasis,3
mrdxhrt,[COMMENT] Fuck all,aggression,0
mt0a7ow,"[COMMENT] Screams “I never got enough attention growing up, so any attention, good or bad, is good attention to me.”

Sad to let a guy who could give a fuck less about any of the people supporting him be your identity.",emphasis,3
ms5049z,[COMMENT] I mean I think if someone approached me at the park and asked me to prove that my kids are mine I’d tell them to go fuck themselves.,aggression,0
mnt7t7u,"[CONTEXT] What would I need to run 103 normal keyboard keys and 15 macro keys, a USB protocol trackball and USB port switched with a physical switch.

Specifically what can run a keyboard and a USB hub all together as the trackball and USB port would be sent through the hub switched between with a physical switch.

I'm attempting to take this from 2008 to 2020 while keeping all original functionality.

https://preview.redd.it/x3b1x50lanve1.jpeg?width=4080&amp;format=pjpg&amp;auto=webp&amp;s=f0d327ca44b35759aaa711dc2302685ae883ed1a [COMMENT] an engineering degree and a fuck ton of money and lots and lots of time . 

or a time machine",emphasis,3
mpfulq5,"[CONTEXT] You should buy a machine, just get a $100 laptop or something [COMMENT] How? I have 27 cents in my bank account.

I'll win  \~$1000 if Minnesota WIl wins the Stanley Cuo though. SO if you give a fuck about me ( I know you don't), root for Wild regardless, please!",emphasis,3
msuu9wr,[COMMENT] Fuck this garbage. Zero accountability on the cap and trade bullshit so we get slapped with ever-increasing gas taxes,frustration,4
mspy7vj,"[COMMENT] Birds really shouldn't fuck with mammals in general, their strengths are orders of magnitude apart. Also, birds have hollow bones that break very easily.",emphasis,3
msgfvzd,"[COMMENT] Yeah, because most people aren't dumb enough to fuck with the maple cartels",frustration,4
ms3gms2,"[CONTEXT] Hospital didn’t really allow for 2 and if he did stay he said he would have been uncomfortable sleeping in the chair.. [COMMENT] Oh my god my husband would sleep on the floor if our daughter was injured so that he could be near her. He would sleep on a nail if he had to.

What the actual fuck is wrong with this man? He INJURED HIS CHILD and can't hack sleeping in a chair? 

The wedding should be off and you should file for custody. He can't be trusted to care for your child.",frustration,4
mt3fyfe,"[COMMENT] Yeah and sometimes cartel members will kill their rivals entire families. Don't fuck with cartel members it's not hard. Stop trying to take away any responsibility from women, they're not children, and you have infantalized them this entire thread.",emphasis,3
mt0dzsr,[COMMENT] The Brazilians in Portugal voted in favor of Bolsonaro (60% of the votes). Really feels like some people are 'got mine fuck you' .,frustration,4
mre5dmu,"[COMMENT] I'd be Pope Death Megatron III

Hard as fuck",emphasis,3
mt42pmz,[COMMENT] Aussie here. What the fuck,emphasis,3
mrd4vbg,"[COMMENT] Fuck all the mini therapy sessions, he’s 3 and doesn’t understand 80% of what you say. You’re the adult, you control yourself. Your patience HAS TO outlast their will. There’s no other approach.

You model the behavior you want, he hits and yells? Hold his hands down softly “no hitting” in a soft voice. And just move on. This idea that you can have a full blown lecture with a 3-year old is absolutely ridiculous. They are growing, everything is new to them. Maybe give them a hug to let them know it’s all good.

The other point to touch on is being embarrassed when you go out. He’s 3, if anyone gets annoyed, they need to leave. I don’t suggest taking kids who can’t control themselves to a fancy outing but if your local chic-fil-a has a play place, let the them loose after they’re done eating. But only after they’re done eating. He’s a kid, don’t ever be embarrassed of your own kid, let other people worry about themselves and why a 3-year olds actions bug them. Maybe they should have been so lucky to have a parent like you who tries and keeps going even when it seems like what they are doing is useless. 

For the record I have the same stats, times 2. I’ll tell you this much, you’re doing the right things, just need to tweak your perspective. You’re there to help your kids and raise them to be adults, they need you to show them the way. Other people’s opinions and judgements are non of your business, you’re there for your kids. Keep going, it gets better.",frustration,4
mp0pwe9,"[COMMENT] I was thinking about doing this but couldnt find a good spot to do a 1 time cnc job.

And this mad man said fuck it and grabbed a chisel.

Huge props bro it looks nice.",emphasis,3
mr0hxsq,"[CONTEXT] KDE has been pretty good as long as I can remember - think I first tried it in 2008? Was able to put a fancy dock, some compiz fusion stuff, and interesting software. 

And then I spent years on LXDE instead, because I never buy good hardware... Oh well. [COMMENT] 2008, fuck, I remember the first time i used both, it was the mid 90’s. KDE was actually good back then. Now, meh.",ambiguous,1
mraaelo,"[CONTEXT] Oh right. I was assuming this is /r/gnome because it's talking about Gnome - but I'd be happy if you left the Linux community, too.

And I'm aware that you don't wish that on me. You only wish that on people who inconvenience you. Like blind people.

And again: I very much hope that people speak about it and stop including assholes. The paradox of tolerance is something that people need to be aware of. It's easy to forget. [COMMENT] \&gt; And I'm aware that you don't wish that on me. You only wish that on people who inconvenience you. Like blind people.

  
EXCUSE THE FUCK OUTTA ME? don't you dare say that about me. I'm already fucking vision impaired, for christ sakes. It only gets worse with time, and I may wind up blind (or close to) some day.

Sorry I'm not disabled enough to deserve your and your peers' respect.",aggression,0
msgrtfr,"[COMMENT] You don’t let her push you around, like someone else mentioned you should’ve taken her outside of the classroom after that to talk about it. You need to be FIRM on why she cannot do shit like that, she simply won’t give a fuck if she can tell you’re scared of her. At 6 years old I wouldn’t have dared to hit my own parent because they taught me right.",emphasis,3
mshyxmv,"[COMMENT] Honestly... fuck this person. This kind of shit can legitimately trigger people who had traumatic experiences associated with shootouts, drivebys, etc. This sheltered guy probably has no experience with that kind of shit so he thinks it's a fun joke. 

Placing someone in reasonable fear of their life, even if it's ""fake"", is assault. It's a crime and this guy deserves to go to prison.",aggression,0
mq80iti,[CONTEXT] That guy doesn’t know shit about fuck. /s [COMMENT] If there is shit in your fuck you missed.,bonding,2
mswfssm,[COMMENT] It's an alligator not a crocodile. It's an important distinction because crocodiles fuck you up and alligators are pussies that leave you alone. It will eat that beagle though if you walk it around the lake at dusk or dawn.,emphasis,3
mt37zri,[COMMENT] The global ramifications of his political fuck ups will be felt for decades.,emphasis,3
mo1mfpb,[COMMENT] Fuck candykeys,frustration,4
msysqnx,"[COMMENT] Yeah I've worked 20 hour shifts before

After ~15 hours you're zombified. That's just on the 2nd-3rs day. Give major respects to the M.D.s out there pulling those crazy ass shifts solely on coffee and the love of the game my heart goes out to you docs ❤️

With all that said fuck working like a dog",frustration,4
mszwrte,"[COMMENT] This. I was always “lazy”. Turns out autism and a NVLD and dyscalculia plus a visual impairment (the first three diagnosed as a teen, didn’t matter, still lazy!) will fuck you even if you’re academically gifted in other areas.

I was highly academically successful in secondary and post and I burned out and crashed out HARD after I took a job that was absolutely horrific and resulted in stalking after I left.",emphasis,3
mrzcn07,[COMMENT] Made in Indonesia vs made in Indonesia fuck all difference really buy an S2,ambiguous,1
mqw6uut,"[CONTEXT] I wonder if anything has ever been proven…. 🤔 [COMMENT] Has anything ever really been proven, lol.

Just when we think something is set in stone, another thing comes along and fucks up the theory. I'm talking about everything.

It's what I believe, and that's good enough for me personally. It's how we end up when our field of fucks quits producing.",frustration,4
mqwg5qs,"[COMMENT] At this point the whole fuck trump thing seems super played out. I get it he sucks I don’t need a fuck trump sticker on everything. 

I feel like hating trump for 12 years has taken a lot away from the other people who should also be hating.",bonding,2
mre3028,[CONTEXT] Now I’m always apologizing to my palm reader for my raging boners. [COMMENT] “Your minor lines are sweaty as fuck and it appears you have a major line in your trousers as well.”,emphasis,3
moqv5gj,"[COMMENT] These look amazing, in a ""why the fuck would I want that on my keyboard?"" kind of way. They really look like 3D renders, the level of detail is awesome.",emphasis,3
mqh81qv,"[CONTEXT] Who is going to pay for a browser? Forcing google to split off chrome while Microsoft and apple don't have to split off their browser is just going to replace one monopoly with another.

This is got the be the dumbest idea ever. [COMMENT] It will especially fuck Microsoft, they have to substantially increase their contributions towards Chromium development.",emphasis,3
mpr61d3,"[CONTEXT] Windows 10 EOL combined with Windows 11 requiring new hardware means people are left with computers that can't run windows 10 or 11.

Combined with a lot of tools being only now makes it much easier to switch. [COMMENT] It’s the fucking spying! Windows 11 is impossible to secure against MS using undocumented APIs and god knows what the fuck else to phone home and provide who the fuck ever with their best attempt at an accurate dream journal.",emphasis,3
mt2ivxb,"[CONTEXT] I visited this part of the country for the first time last year. What an AMAZING part of the world. I was excited to visit and it was even better than I imagined.

But when I went I couldn’t spend too much time there as it was while I was driving from Seattle to DC and only had 2 weeks to do the entire trip.

Excited to go back soon. Not sure when. [COMMENT] Utah is a beautiful place :), I’ve always driven through it but never actually ventured out to its parks until a few days ago. I have about a month left until I start my new job and was like fuck it, let’s go to Utah and Arizona. Started the drive from my hometown, Denver, got to Moab, and just made it to Zion/St George area yesterday. Everything about this trip so far has been beyond beautiful!",emphasis,3
mq06xf8,"[CONTEXT] I have one, mine is branded Jedson. The pups sound amazing. The neck is horrible though. [COMMENT] Same. Had to fix the wiring and the previous owner had repainted it in red lacquer which had superglued itself to the gigbag he stored it in. 

Rough as fuck. For £40 it’s incredible",emphasis,3
msofwpy,[COMMENT] Fly-ing fuck,frustration,4
mswhyfg,"[COMMENT] Jesus fuck

It looked like that was going to happen. But it still shocked the hell outta me.",emphasis,3
mt2fah7,[COMMENT] I'm so ill I think imma join a random wooden research vessel to cross the atlantic. Fuck life right?,frustration,4
msxh1ze,"[COMMENT] It’s been give hours already and no one’s said it?

*Fuck Putin!*",bonding,2
mqaggl5,"[CONTEXT] I used both KDE and Gnome (First month Gnome, after that mostly KDE)

I know that HDR works over Gamescope, but Gamescope never really worked on the Desktop for me, or was unstable when it worked, so it's not really an option.

And even if I get HDR to work, its Washed in Comparison to Windows.

  
VRR has Brightness flicker, I don't have on Windows in almost every Game.

I know that all that can work in Theory, but in Praxis it sadly doesn't work for me on my Desktop [COMMENT] nah thats valid. VRR and HDR is finicky as shit in Wayland DEs. If it ain't working for you, you don't want to fuck around, and the features are important, stay on Windows for another year.",emphasis,3
msed274,[COMMENT] Black Sabbath is not playing Squire guitars... Those are the cheap Fender guitars for beginners and hobby guitar players. Fake as fuck,emphasis,3
msxg9nl,"[COMMENT] So you suggest hamas should be allowed to use palestinians as shields, and do terror acts,  kill everyone who is not palestinian? So fuck non palestinian civilians then?",emphasis,3
