id	subreddit	network_tie_strength	parent_text	text	human_label	chatgpt_label	agree
msxf3gr	pics	weak-tie	[Context Not Found]	It should say fuck biden ( my opinion )	aggression	aggression	True
mre5jeo	AskReddit	weak-tie	[Context Not Found]	Hangover and upset stomach the next day? Naah fuck that - I'd rather just smoke a j...	bonding	frustration	False
msgfvzd	funny	weak-tie	[Context Not Found]	Yeah, because most people aren't dumb enough to fuck with the maple cartels	frustration	emphasis	False
mr8t5no	linux	strong-tie	 A Linux distro with a built-in AI assistant that helps you code, debug, and optimize your scripts in real-time would be a game-changer.	"I would 't want that. Just today ChatGPT told me to install hyprlock by installing hyprlock-git with yay. And when it wasn't succesfull it said it is because of hyprutils and I should remove it to be able to install hyprlock. Had I done that my entire Hyprland would have crashed.

Now instead of yay -S hyprlock-git I thought I'll just try straight up pacman -S hyprlock. And to my surprise it worked. ChatGPT's response as to why it didn't suggest pacman in the first place was that it just thought the package won't be there. And it also mentitioned that it should have checked though. But it didn't.

I am new to Linux and dove to deep end by installing Arch. Using AI is very, very 50/50 even when you have some clue on what you are doing. I wouldn't want built-in AI to fuck up my system. External AI is trying to do it too constantly...."	frustration	frustration	True
msyighb	todayilearned	weak-tie	[Context Not Found]	Why the fuck you to Chu? I don't remember hearing anything bad about him at the time, and his Wiki page doesn't seem to mention anything bad either. The only thing that comes up are the loans to Solyndra, which seem pretty defensible to me.	ambiguous	aggression	False
mrdy577	AskReddit	weak-tie	"Oh wow... Just a cursory glance at that sub... it is filled with awful people.

AvoidAvoidAvoid"	"Not liking something is completely fine, but *any* time someone makes disliking/hating something a core part of their personality it's a sign of a toxic as fuck person.

Make things you love part of your personality. Not stuff you hate."	emphasis	aggression	False
mst218y	pics	weak-tie	[Context Not Found]	"God, I love how much this is gonna piss off the chodes driving around their lifted Dodge Rams sticker bombed with ""Fuck Biden"" and ""Fick Inslee"" while wearing Grunt Style clothes. They'll have to add a 7th Trump flag to their whip to cope."	ambiguous	bonding	False
mpfddyk	linux	strong-tie	[Context Not Found]	I will sometimes ssh into my server and do some programming on there or general management in class when I am bored or have some free time and people think I am hacking. Guess I should start running this just to fuck with them some more	emphasis	bonding	False
mqmifby	guitars	strong-tie	Have you tried played on a slightly overdriven tone?	Yes fool. I play death metal but that doesnt mean its all ive ever played in 20 years. Ive owned USA strats and les Pauls, on those i mainly played a lot of blues and classic rock on, but keep the downvotes coming bc this whole topic is stupid as fuck😂	emphasis	aggression	False
mrdu02f	AskReddit	weak-tie	"Tapeworms coming out of brown bears’ butts and they have to walk around like that. Also live worms in wild-caught salmon etc at grocery stores. Let’s get rid of worms and other parasites. They’re gross. 

Cancer and chronic pain and stuff is the obvious answer here though. Or one of them anyway."	What the actual fuck	emphasis	frustration	False
mswrwd9	pics	weak-tie	[Context Not Found]	"if one of the two burns the other too.
Fuck where are my matches."	ambiguous	frustration	False
msaexvi	guitars	strong-tie	[Context Not Found]	"The short answer is: No.

The long answer is:  What the fuck are you on?  Nobody is going to mail you a several hundred to several thousand dollar instrument you can take apart and send back with worse parts for any reasonable sum.  

That's an insane model.  Nobody is going to send you a $3K LP for you to steal the pickups out of for any amount of money shy of $3K.  Basically, either go to a store and play OR buy and send back a bunch being that person that sweetwater and musician's friend hates."	aggression	aggression	True
mt0vt57	worldnews	weak-tie	[Context Not Found]	Fuck yes!	emphasis	bonding	False
mqrdtbg	programming	strong-tie	[Context Not Found]	"The ""sweet spot"" of 12 hours a day. Yes - go work from 9AM to 9PM.

Fuck off."	frustration	aggression	False
msuu9wr	pics	weak-tie	[Context Not Found]	Fuck this garbage. Zero accountability on the cap and trade bullshit so we get slapped with ever-increasing gas taxes	frustration	frustration	True
mt3fyfe	worldnews	weak-tie	[Context Not Found]	Yeah and sometimes cartel members will kill their rivals entire families. Don't fuck with cartel members it's not hard. Stop trying to take away any responsibility from women, they're not children, and you have infantalized them this entire thread.	emphasis	aggression	False
mrdxhrt	AskReddit	weak-tie	[Context Not Found]	Fuck all	aggression	ambiguous	False
mt3hmr7	worldnews	weak-tie	[Context Not Found]	"Bruh the treaty stood for decades, untouched, despite multiple war and war like situations. Despite a full blown terrorist attack (26/11) for which Pakistan was proved to have provided backing for, perhaps even orchestrated. 

It was “put in abeyance” after 26 people were massacred in front of their families in a popular tourist spot, by terrorists that, the Indian government has strong intel to suggest, were backed by the regime in Pakistan. Like make it make sense that if the government did not do it when it could have on so many occasions prior to this, why the fuck would they have done it on a hunch? 

Modi government is nationalistic precisely because a nationalistic government was needed after the shitshow that was the previous government (pre 2014) and could not hold perpetrators accountable if that didn’t suit their agenda. 

Modi’s party encourages extra judicial killings of criminals in UP (a large fraction of them being Hindus who are their primary voter base, not Muslims), regardless of religion. That’s their brand and what the nation needed after a weak government before this."	emphasis	emphasis	True
mqo3zwx	MechanicalKeyboards	strong-tie	[Context Not Found]	"You need heavier switches if you going to use heavy keycaps like that.  

&gt;*or switch to something else like GMMK*

Fuck no!  LOL.   Glorious stuff is terrible."	emphasis	aggression	False
mszrfd2	todayilearned	weak-tie	[Context Not Found]	What the fuck is he going to see from 37’000 ft?	emphasis	emphasis	True
mpl9snf	MechanicalKeyboards	strong-tie	"This is the most ""we have GMK Dualshot 2 at home"" keycap set I've ever seen"	Fuck abs ☺️	bonding	bonding	True
mrepgms	Parenting	strong-tie	[Context Not Found]	"I hi was a angry daughter my mom married my stepdad and my dad wasn't super in the picture.
I did a lot of stuff I would snap at her and be mean as hell. I was drinking in highschool, smoking, smoking weed. She was still supportive and I eventually grew the fuck up (18-20's now 31 years old) and I'm still very close with her no rage or anything.
Teenagers can be absolute assholes and most of us are sorry after lol"	emphasis	emphasis	True
mt20m8w	pics	weak-tie	[Context Not Found]	As a former middle school janitor, those things are fun as fuck to drive around on while on gummies.  Not sure what this adds to this thread but needed to share.	emphasis	emphasis	True
mt3mb3t	funny	weak-tie	[Context Not Found]	Thanks for the heads up. Lol mans photogenic as fuck	emphasis	bonding	False
mq6zg9h	MechanicalKeyboards	strong-tie	[Context Not Found]	So interested but also, the U.S. tariffs are going to fuck this hobby up so hard for those of us here	emphasis	frustration	False
mr6dgu9	linux	strong-tie	Drifting farther away from the topic, if you are at all familiar with [Chimera Linux](https://chimera-linux.org/), how would you position what you are working on next to Chimera?	similar, in a way. If Chimera is the BSDified Linux, then FractalUX is the (re)-Unixified Linux. Chimera's about the only distro that doesn't annoy the fuck out of us, though we don't like APK much	emphasis	emphasis	True
msvu6fh	pics	weak-tie	"Correct. This is absolutely no less weird/cringe than all the ""Fuck Trudeau"" stuff. Maybe even more so because it's a foreign politician."	"&gt; Maybe even more so because it's a foreign politician.

I don't think that a ""fuck Putin"" symbol would be weird/cringe in the USA, simply because he is an obvious enemy (as Trump is to Canada)."	bonding	bonding	True
mswmoh6	pics	weak-tie	[Context Not Found]	"where the hell do you even find a fuck trump flag?

we're better than them

ugh."	aggression	frustration	False
msz68ui	worldnews	weak-tie	[Context Not Found]	"Fucking dumbass. You don't announce that you're seeking an urgent meeting unless you've already secured one, or you leave yourself wide open to humiliation if the other side says ""no fuck off"""	aggression	aggression	True
mt21f96	todayilearned	weak-tie	[Context Not Found]	Fuck Raiden.	aggression	aggression	True
mqrsy4s	programming	strong-tie	"I agree with most of what you said, but you keep dropping ""facts"" without evidence, yet complain when someone else does."	"It's very easy to google perf of Scala/Haskell/whatever-fuck-functional language compiler vs C/C++/Rust on gcc/clang/LLVM. I'm not gonna paste any links because it's a known blowout. If you're dying to prove to yourself that compilers for procedural/imperative/impure languages can do basically everything these ""functional pure"" languages/compilers do, you can peruse LLVM 's AA and SLP vectorizer (just two standout optimizations - there are many others):

https://github.com/llvm/llvm-project/blob/9544943e2458597dc2cdcbed6de2a8d50da0d382/llvm/lib/Analysis/AliasAnalysis.cpp

https://github.com/llvm/llvm-project/blob/9544943e2458597dc2cdcbed6de2a8d50da0d382/llvm/include/llvm/Transforms/Vectorize/SLPVectorizer.h#L58"	ambiguous	emphasis	False
mssvdja	funny	weak-tie	T'es clairement pas québécois toi.	Fuck off ta edité ton commentaire, moron. J'ai habité a gaspé, en abitibi et Jsuis né au Lac St Jean lol	aggression	aggression	True
msd7k4j	Parenting	strong-tie	[Context Not Found]	"Yeah, I’ll second the Invisible String. It’s good at what it’s meant for.

Also, I am so very sorry for your loss. Fuck cancer."	bonding	frustration	False
mqwg5qs	guitars	strong-tie	[Context Not Found]	"At this point the whole fuck trump thing seems super played out. I get it he sucks I don’t need a fuck trump sticker on everything. 

I feel like hating trump for 12 years has taken a lot away from the other people who should also be hating."	bonding	bonding	True
mt2xnm1	worldnews	weak-tie	[Context Not Found]	Tbh, as a Chinese and read a lot in both west and Chinese medias. China is not really think India is a threat or enemy, our enemy is Japan for history reason, then US for real threat. Then would be the west like fucking British and countries like that invade us for no fucking reason. It’s India has been very hostile towards China, because we are helping his enemy a lot. We bearlly wouldn’t give them a fuck, they are way behind China in all aspects.	emphasis	emphasis	True
mrceiul	linux	strong-tie	[Context Not Found]	"Here, build your own desktop.

""Fuck, why isn't this working.  I can't point and click on shit.""

/thread"	frustration	frustration	True
mq80iti	guitars	strong-tie	That guy doesn’t know shit about fuck. /s	 If there is shit in your fuck you missed.	bonding	ambiguous	False
mqhf4br	programming	strong-tie	Chromium development is largely supported by Google, presumably Microsoft will have to cover the losses. 	"Yeah, but it won't ""fuck"" them. They're just going back to what they were already doing before Edge switched to Chromium"	emphasis	emphasis	True
mpfulq5	linux	strong-tie	You should buy a machine, just get a $100 laptop or something	"How? I have 27 cents in my bank account.

I'll win  \~$1000 if Minnesota WIl wins the Stanley Cuo though. SO if you give a fuck about me ( I know you don't), root for Wild regardless, please!"	emphasis	bonding	False
mqdyxuy	MechanicalKeyboards	strong-tie	MINE WAS UPSIDE DOWN	Mine too!! Since when the fuck does which way up apply to c type chargers???	emphasis	emphasis	True
mqjnu8f	programming	strong-tie	[Context Not Found]	"This article absolutely nails it. Our profession was never treated nicely out of respect or anything else; it was merely very difficult to successfully abuse us. Until now, when every copycat executive has seemingly collectively organized to fuck us over.


The only reasonable response is to collectively organize right back. Fight for licensure requirements so that we can actually differentiate against outsourced competition. Unionize everything before they ruin our whole profession."	emphasis	aggression	False
mqj3i9z	programming	strong-tie	"The parent comment is mentioning using an LLM to replace what would normally be a human task to filter the relevant answers provided by the search engine. That might be the reason why he is being downvoted; delegating your critical thinking to a statistical engine (gross oversimplification).

I'd agree that in 20 years of using Google Search, the result are less and less relevant in certain domain (especially when in comes to events)."	I had my first 'fuck this I'm going to ChatGPT' moment last week so I get where the commenter is coming from.  The LLM function of the machine understanding what you're asking in some tougher queries is a huge benefit.  Instead of 3-5 query massages and some sifting: boom, one and done.	frustration	frustration	True
mt3j0q1	worldnews	weak-tie	Collective tears of happiness from Indian Rafales that they decimated	Buddy you realise an average indian doesn't give a fuck if the army lost a Rafael? However with no water an average Pakistani citizen will definitely have their daily lives impacted.	emphasis	emphasis	True
mrlat8l	Parenting	strong-tie	[Context Not Found]	What the fuck. What the fuck. What the fuck. Call DCS. Document this!	emphasis	frustration	False
mqcf6vb	linux	strong-tie	[Context Not Found]	"The criticism about the drivers, at the very least for the video card or IGP is valid. It is so needless complicated compared to how Windows handles it, which is barely by giving a generic driver so you get video output on your display and then let's your GPU manufacturer provide the driver. They don't have driver support for that card for that version of Windows? Well there you go, it's the card manufacturer's fault. They do have a driver? Just download and install, ez peasy lemon squeezy.

  
On Linux?

  
If you have nvidia card and the particular distro either offers a version of the install with nvidia proprietary drivers during installation or you'lll have to figure out a post install way of adding them with terminal commands. Who tf expects a casual PC user to use terminal commands for basic things like installing video card drivers?

  
Then there is the trouble shooting issue. Suppose you have AMD card and it's supposed to just work but it doesn't. Maybe, like trouble shooting for nvidia, the card is too new of a realease for the distro/lernel version you installed or the card is too old and the driver support was discontinued AND the Linux distro version has no easy way or any way to install older drivers. For new cards, the solution is easy, install a rolling release distro with new kernel and drivers. What about the guys with older cards? Well fuck them, that's Linux's answer for casual users because there is no obvious way what they should do and the tutorials they do find are likely out of date or worse they work but there are lots of bugs and because there is no official support for them, none of those bugs will get solved. Worst still the issues will keep increasing as they install more programs and try to change GUI settings that work for others fine but crashes their system or gets them a blank screen instead.

  
I have been using Windows for 20 years and Linux on and off again for over 10 years and even I don't really understand the Linux video card driver, what is supported and what is not supported, how to troubleshoot, how to handle IGPs or mobile GPUs or solve issues like for example having both an AMD IGP and dedicated GPU and games default to the integrated one. Even worse, imagine now that Intel makes dedicated GPUs and you have one of those fucking things AND and Intel IGP and the software you run defaults to the IGP. What do you do?



 I don't get it and I say that not being ashamed but due to Linux's approach to drivers being shit and subpar to Windows way of doing things. By fuck also stop crying about Wayland replacing X11, that should have happened in 2005 not 2025."	emphasis	aggression	False
mp4c70e	MechanicalKeyboards	strong-tie	[Context Not Found]	okay but literally why do people build keyboards with anything less than a 10 keyless, you literally just lose keys you could need lmao you’re just making it inconvenient to use your computer. I can’t even function without my keypad let alone missing my function keys and, alt, control, windows key etc etc etc like no offense but how the fuck do you use your computer	emphasis	aggression	False
mt16cip	worldnews	weak-tie	[Context Not Found]	Where the fuck do people like you come from?	aggression	aggression	True
msk0521	funny	weak-tie	[Context Not Found]	Ahh? Seriously. ASS! Fuck that idiotic TikTok censorship bullshit.	aggression	frustration	False
mrh63pn	Parenting	strong-tie	[Context Not Found]	Absolutely fuck what nursery say! That's your baby and you do what you feel is right! Baby probably scared senseless with such a big change x	bonding	bonding	True
mszyemz	funny	weak-tie	[Context Not Found]	Holy fuck what year is it	emphasis	emphasis	True
mt42pmz	todayilearned	weak-tie	[Context Not Found]	Aussie here. What the fuck	emphasis	frustration	False
mpua6vp	linux	strong-tie	You shouldn't be installing Kali in the first place. Also it's pretty clear the guy is re-installing, not taking 300 days for a single install.	Who the fuck made you god of Kali Linux	aggression	aggression	True
mssg9mo	pics	weak-tie	[Context Not Found]	you got me flying the fuck off bc damn	ambiguous	frustration	False
mp6t36w	MechanicalKeyboards	strong-tie	[Context Not Found]	People still doing these cluster fucks of a connector should be kicked in the nuts.	emphasis	aggression	False
mt3agia	todayilearned	weak-tie	[Context Not Found]	Americans, despite drinking relatively less, and being known to drink substantially less, actually consume a fuck ton of tea anyways.  The bulk of our consumption is in the form of iced or sweet tea, that we kinda forget is even tea.  You can get it at any fast food joint in the country.	emphasis	emphasis	True
mrdx5vk	AskReddit	weak-tie	[Context Not Found]	"Not too sure what movie it was as I was very young, it was at my friends house and her dad was watching then we just sat down to watch with them. 

It was either a college or highschool setting. I remember a lot of boob, and a lot of butt. It was probably a 80’s-90’s movie, they had bomber jackets on. And I remember them mooning a lot of people on the road. And it showed a scene of girls getting changed in the locker room.. teehee.. naked. It was a lot for my little mind to take. I remember seeing a full bush. that’s all I remember the movie was really dumb probably, and if someone guesses it from my description of fuck all, I would be very shocked. Because I basically just described every movie from that time period."	emphasis	emphasis	True
mo7kn2t	MechanicalKeyboards	strong-tie	May I ask did you ever have issues with us? As the situation above is not very well explained so I wonder why the twist, as the story was told yet again pretty differently to the reality. The only wrong doing here was we did not refund within the stated 62 hours.	"I looked at the screenshots and I do not think you did much wrong.

But, I'd strongly advise you to just provide the facts as you see them when engaging on Reddit.

You're not answering well, and it really doesn't seem that you're taking people seriously.

To answer your question, no, I haven't had any problems with you and I've ordered a few things. However, I have had issues with other companies and as I don't have the time or inclination to stay up to date on vendors, your reputation matters. I have had issues with other companies in the keyboard community and I buy on reputation.

However. I do wish people who haven't bought or had issues would fuck off and not downvote comments. It doesn't help.

As a business owner myself, I really think you need to stick to the facts and not be ""funny"" on Reddit. Your responses don't look good.

I will most likely buy from Candykeys again. But your responses here aren't very professional."	aggression	aggression	True
mqej2vi	programming	strong-tie	https://en.wikipedia.org/wiki/Kool-Aid	is this a racist joke because I'm black??? fuck you, cunt	aggression	aggression	True
mt0a7ow	pics	weak-tie	[Context Not Found]	"Screams “I never got enough attention growing up, so any attention, good or bad, is good attention to me.”

Sad to let a guy who could give a fuck less about any of the people supporting him be your identity."	emphasis	aggression	False
mq09bt7	programming	strong-tie	If you have not measured it, you are not optimizing it.	I optimize for frequency of memory access. Fuck this assumption that optimization means speed	frustration	frustration	True
msyez63	worldnews	weak-tie	[Context Not Found]	"I don't care. I can't get myself to care honestly.

I knew a gazan online, of course, cheering on Oct 7, 2023 and I told them ""but wait, aren't you worried about what happens a few days from now? When you're quite possibly a refugee in Egypt"".


Didn't give a fuck. All they care about is inflicting damage on others. You can't help that which won't help itself."	frustration	aggression	False
mrpuxbj	Parenting	strong-tie	[Context Not Found]	Who the fuck invented HOA? Sounds soo miserable.	emphasis	frustration	False
mpq1vc6	guitars	strong-tie	yeah, you're right, i made a mistake referring to that as IV surgery haha. Today im feeling better (not perfect yet obviously) but if i don't get 100% better i'm complaining or something.	"For me the best thing was always to exercise my hand as much as possible, but post surgery that might be difficult for you. Do you have a large bruise?  We all have different hand sensitivity for sure, and perhaps you're experiencing more discomfort than average.  I think you'll get back to 100%, but if there is an issue, the timeline is important.  2 weeks from the surgery date, if you're not back to normal or really close, then I would go to your regular doctor and explain the issue.

 Phlebotomists can make mistakes sometimes, but it would have had to have been a big one to fuck you up permanently I believe."	emphasis	emphasis	True
mt07nvu	pics	weak-tie	Jim Jones style would be nice	If only we could get that lucky. These fucks would do it in a way that takes everyone out with them.	aggression	aggression	True
msskt9a	funny	weak-tie	[Context Not Found]	"So did I fuck a sheep or did my wife get fucked by a sheep?  Maybe a threesome?  

It was this brand if you’re curious:

https://www.walmart.com/ip/Trojan-Naturalamb-Natural-Skin-Lubricated-Luxury-Condoms-Non-Latex-3ct/43490003?wmlspartner=wlpa&amp;selectedSellerId=101033849&amp;selectedOfferId=E32687CD524D39CF918918DE1FF08726&amp;conditionGroupCode=1&amp;gclsrc=aw.ds&amp;adid=2222222222743490003_101033849_169461195039_21890178929&amp;wl0=&amp;wl1=g&amp;wl2=c&amp;wl3=720713734741&amp;wl4=pla-2373925548950&amp;wl5=9028070&amp;wl6=&amp;wl7=&amp;wl8=&amp;wl9=pla&amp;wl10=268157974&amp;wl11=online&amp;wl12=43490003_101033849&amp;veh=sem&amp;gad_source=1&amp;gad_campaignid=21890178929&amp;gbraid=0AAAAADmfBIqGPVFcGpHduEWW_koMR7hXu"	emphasis	ambiguous	False
mt2miql	Parenting	strong-tie	[Context Not Found]	Dude, when my daughter finally gained the courage to step on her first spider she immediately fell into remorse and blamed me for “making” her step on it. She balled. The mind fuck never ends	emphasis	emphasis	True
mqxn7jo	linux	strong-tie	[Context Not Found]	I'd like to understand what the fuck is going on at the Apache Foundation. They are supposed to be good guys. And they clearly have no interest in developing OpenOffice. Why don't they just donate the brand to the Document Foundation? This absurd situation has been going on for 15 years!	emphasis	frustration	False
mszxq20	pics	weak-tie	[Context Not Found]	"""What am I gonna do with these half finished Fuck Trudeau mugs now?!"""	bonding	emphasis	False
msgd9x1	Parenting	strong-tie	[Context Not Found]	I mean let’s rethink this situation, does the father sleep naked?? Because then yeah this is 100% in appropriate to sleep next to a little girl at night time alone? The fuck? You realize fathers can also sexually abuse their daughters? IT HAPPENS!! the mother is just trying to protect her daughter wtf is wrong with yall	emphasis	aggression	False
mre0pn2	AskReddit	weak-tie	[Context Not Found]	"Got asked by several women over the years „should we fuck?“.
I love this approach, especially in this time and age, cause it gets right to the point with no room for misunderstandings."	emphasis	ambiguous	False
mpvj5ug	MechanicalKeyboards	strong-tie	After building my first semi custom keyboard out of a barebones q1 pro, i want to paint the case. I believe it's anondized aluminum. My plan is to scuff it, self etching primer, rustoleum 2x paint, and a clear coat of some kind. Any critiques on this plan?	u might have better lucking removing the anno ever scuffing it u maybe have trouble getting paint to stick as anno is hard as fuck	emphasis	emphasis	True
mq06xf8	guitars	strong-tie	I have one, mine is branded Jedson. The pups sound amazing. The neck is horrible though.	"Same. Had to fix the wiring and the previous owner had repainted it in red lacquer which had superglued itself to the gigbag he stored it in. 

Rough as fuck. For £40 it’s incredible"	emphasis	emphasis	True
mre5dmu	AskReddit	weak-tie	[Context Not Found]	"I'd be Pope Death Megatron III

Hard as fuck"	emphasis	emphasis	True
msynedv	worldnews	weak-tie	[Context Not Found]	What in the absolute fuck are you talking about out	aggression	aggression	True
mr4qds2	MechanicalKeyboards	strong-tie	I'm not expecting a single kick starter I backed to ever come through. And I'm looking into how to cancel all of the ones I already pledged.	Did not think about my 1-2 year old kickstarters, fuck me lol	emphasis	frustration	False
mre3v1x	AskReddit	weak-tie	"&gt; I got banned from a left wing subreddit for pointing out that a lot of what they are screaming about is factually incorrect.

Reddit is absolutely awful about this. I am also very left wing myself. I try to point out ""you are spreading misinformation"" and then get called a republican shill for just trying to correct facts. 

&gt;I have been rabidly left wing my entire life and I feel disenfranchised from it because I genuinely think the loud and online are falling prey to hostile propaganda. 

To be fair, the right wing are ALSO falling prey to hostile propaganda. We just don't see it as often because we're typically in left-wing circles, considering that's how we lean.

I don't like to be a ""both sides are bad"" very often, but when it comes to mindlessly trusting and believing any random unsourced thing you read online that backs up your political agenda, ""both sides"" are equally bad at it IMO."	"I'm on the right, and the things that always bother me the most from both sides are when people lie or stretch the truth in order to drive home a point that they didn't have to lie to make.

Example: I do not like Donald Trump. However, I end up having to defend that fuck over and over because random redditors cannot stop spreading misinformation about him. He's a terrible person and he is not a good president, but when 50%+ of what people say about him is exaggerated at best, I end up having to run defense on the guy and all the hardliners get to take the falsehoods and scream fake news.

Please, for the love of all things, please stop. If everyone stuck to only the actual things he's done, then we could all start getting on the same page."	emphasis	aggression	False
mq6l62q	guitars	strong-tie	[Context Not Found]	"You just got that saddle replaced at GC...your saddle looks pretty high, as a brand new unmodified saddle should. Which would fuck your action. It just needs to be sanded. You can do it yourself with a straight edge, pencil, and some 80 to 120 grit sand paper. Plenty of tutorials on YouTube, or I could give you a quick rundown.


I personally think that guitar tech is trying to take you for a ride. Saved himself some work by not setting up your guitar properly, and is angling to get a sale out of you."	emphasis	emphasis	True
mqx2c67	guitars	strong-tie	Fuck yes	Fuck yes based on what?	emphasis	ambiguous	False
mrd4vbg	Parenting	strong-tie	[Context Not Found]	"Fuck all the mini therapy sessions, he’s 3 and doesn’t understand 80% of what you say. You’re the adult, you control yourself. Your patience HAS TO outlast their will. There’s no other approach.

You model the behavior you want, he hits and yells? Hold his hands down softly “no hitting” in a soft voice. And just move on. This idea that you can have a full blown lecture with a 3-year old is absolutely ridiculous. They are growing, everything is new to them. Maybe give them a hug to let them know it’s all good.

The other point to touch on is being embarrassed when you go out. He’s 3, if anyone gets annoyed, they need to leave. I don’t suggest taking kids who can’t control themselves to a fancy outing but if your local chic-fil-a has a play place, let the them loose after they’re done eating. But only after they’re done eating. He’s a kid, don’t ever be embarrassed of your own kid, let other people worry about themselves and why a 3-year olds actions bug them. Maybe they should have been so lucky to have a parent like you who tries and keeps going even when it seems like what they are doing is useless. 

For the record I have the same stats, times 2. I’ll tell you this much, you’re doing the right things, just need to tweak your perspective. You’re there to help your kids and raise them to be adults, they need you to show them the way. Other people’s opinions and judgements are non of your business, you’re there for your kids. Keep going, it gets better."	frustration	aggression	False
msx83f2	pics	weak-tie	[Context Not Found]	Then there’s my house, fuck em all	frustration	aggression	False
msw5h0f	todayilearned	weak-tie	[Context Not Found]	"You have the quote wrong. I know which HBO special you're referring to because it's one of my favorites and it's also the one where my quote came from.

It's from the 1996 special called ""Back in Town"" and the **correct** quote is: ""Why is it that most of the people who are against abortion are people you wouldn't want to fuck in the first place?"""	emphasis	emphasis	True
mt05q7a	pics	weak-tie	[Context Not Found]	I’m honestly so done with Americans. Bruh yall be fighting about who the fuck runs your country but at the end of the day it’s always the same. Some idiot who runs on a bunch of promises and dreams and ends up doing whatever is best for him and his group of people. If this guy wants to make his lawn look like shit like that let him who the fuck cares. If some Biden supporter feels like tattooing his senil face on his ass fuck it do it. Who cares. Why don’t you try talking with each other some time. Life is more than a party affiliation. Both parties can come up with great policies as much as they can come up with absolute trash. By talking with each other is that you hopefully end up with only the good ones.	frustration	frustration	True
mqkuka5	programming	strong-tie	"This article absolutely nails it. Our profession was never treated nicely out of respect or anything else; it was merely very difficult to successfully abuse us. Until now, when every copycat executive has seemingly collectively organized to fuck us over.


The only reasonable response is to collectively organize right back. Fight for licensure requirements so that we can actually differentiate against outsourced competition. Unionize everything before they ruin our whole profession."	Have you seen to proposals for software PE licensure from organizations like IEEE? Holy fuck, please no. Just no.	frustration	frustration	True
mp0pwe9	MechanicalKeyboards	strong-tie	[Context Not Found]	"I was thinking about doing this but couldnt find a good spot to do a 1 time cnc job.

And this mad man said fuck it and grabbed a chisel.

Huge props bro it looks nice."	emphasis	bonding	False
moqv5gj	MechanicalKeyboards	strong-tie	[Context Not Found]	"These look amazing, in a ""why the fuck would I want that on my keyboard?"" kind of way. They really look like 3D renders, the level of detail is awesome."	emphasis	emphasis	True
mprp7ki	linux	strong-tie	"I think a big thing is that there's *multiple* user friendly distros now, where 10-16 years ago distros like Linux Mint stood out for doing such innovative things like bundling Nvidia drivers so users can actually use their computer without knowing what the fuck a GPU is.  A lot more stuff has a GUI, immutables along with Flatpaks are *really* reslient against user error (Steam Decks in particular are surviving fine in the hands of users who have no idea what Linux is, even if they go into desktop mode), Wayland's progressed to where a lot more types of displays and configurations are handled nicely out of the box, Pipewire has resolved many audio issues, GPU support has improved *dramatically* with Nvidia in particular now sorta playing ball, the major DE's have had major improvements.

Sure, it's hard to argue that anythign could be quite as important as a distro installing via a GUI installer, if a distro does not have that then it's absurd to call it accessible (*maybe* you could make an exception for a TUI installer, but not having mouse support is gonna confuse some number of people).  But while that's a very *visible* improvement Linux distros made way back in the day when Ubuntu first came out with a GUI installer, there's been a ton of stuff happening in the background that has removed a lot of the pain points since then."	"&gt; where 10-16 years ago distros like Linux Mint stood out for doing such innovative things like bundling Nvidia drivers so users can actually use their computer without knowing what the fuck a GPU is.

that made me laugh, but it's exactly why I first actually started seriously using mint as a desktop back then... I had tried a couple distros over the years (too many years, I'm old), and usually got frustrated and gave up"	emphasis	bonding	False
mpr2tt7	programming	strong-tie	[Context Not Found]	As someone who optimize all I have to say is... what the fuck is this shit? If you search the article not once does the word measure appear	frustration	aggression	False
mqwx69h	linux	strong-tie	Your acknowledging there's a problem but also somehow mad for someone pointing it out? You're acting like a 10 year old that just doesn't like being told what to do	"Of course, I don't like being told to do because I and everyone in the country already do so much more than anyone in EUA or Europe, like I already demonstrated.

The rich countries destroyed the environment and the poor countries feels the consequences with much more intensity as we don't have the infrastructure to handle it as well as the rich ones.

I'm sick of the rich imperialist countries doing their shit and then running around saying ""everyone should help"". Fuck all them. Those countries should pay for the damages they did, and still do in the poor ones.

Why I've to save even more power, not spending even 150kWh each month with my frugal needs (from 90%+ renewable grid!), while rich countries not only you guys spend at least 4 times more power to fulfil their luxury lives (burning much more fuel than us), but also have the terrible behavior of buying everything new when something broke, instead of fixing? The average American produces more than the double of e-waste than the average Brazilian. 

The people from the rich countries should be glad I've a machine running Linux 24/7 instead of sending it to the dumpster and getting a new one because Windows 11 don't run on it. Account for all the rare earth minerals, manufacture process, shipping and such, and the few watts that computer uses during the years hugely offsets in cost and pollution what making a new computer spend.

Yes, I maybe am like a 10yo that don't like to be told what to do, but I'm doing much more than the bastards from rich countries that tell me what to do does."	aggression	aggression	True
ms5049z	Parenting	strong-tie	[Context Not Found]	I mean I think if someone approached me at the park and asked me to prove that my kids are mine I’d tell them to go fuck themselves.	aggression	aggression	True
mt3kdvw	Parenting	strong-tie	As a young parent (19) I would suggest waiting until you are more secure financially, mentally and in a long term relationship who wants to go on the journey with you. Having a baby, a child, is so much more than people think. It's not just a baby but they grow up and you need to be prepared to think about beyond jusst the baby years. Having a support system is incredibly important otherwise it can be incredibly difficult. Maybe when you've got an established adulthood and a really good support system you could consider it even without a partner. For now I'd suggest getting into babysitting or something where you get to spend a lot of time with children, get used to the good and the bad, it's great to help prepare you while kind of getting to experience parts of it without the responsibility of being a full time parent yourself. Either that or avoiding children completely for a while.	The fuck man (not to u) why everyone is thinking I am adopting a child right now I said I am not... I just want the reasons for having such wants in a young age that's all I am not adopting a child I said that in the post too....	frustration	frustration	True
mt0vutf	todayilearned	weak-tie	[Context Not Found]	"I'm guessing it wasn't the only time Ma Kay was a dick. Yeah that's bad and all, but maybe not ""See you never"" bad, after a decades long partnership. There must have been several things over time that Will was fed up with enough, that this was a final straw for him to say, ""Fuck you, bye."""	emphasis	aggression	False
mo1mfpb	MechanicalKeyboards	strong-tie	[Context Not Found]	Fuck candykeys	frustration	aggression	False
mqwzn8l	guitars	strong-tie	"Yes keep proving to me more and more people are turning away from the DNC and how extreme leftist are a problem in the USA. 

I am not a trump supporter but some how it’s still my fault because I don’t hate him enough."	"Fault? Sounds like you're taking more out of what I've said than what I've actually said.

Look, I know it's frustrating to be bombarded with this stuff, but the reason why there's so much anti Trump stuff is because of the *sheer amount of bullshit he puts forth constantly*. He knows people will get burnt out on hearing about it, so he keeps flooding the zone. It's intentional, and it's working.

Has it occurred to you that there's so much fuck Trump stuff because... he's actually really really bad? In a way that's not normal. Sure, I don't like Republicans in general, but they've never been like this in my lifetime. This is history textbook kind of stuff, where future kids reading will be like ""this fuckin guy? And people just let it fly?"".

Sorry if any of this comes across as a personal attack. It's not meant to. And I'm not trying to make you feel bad for not having enough hatred in your heart. I'm trying to explain how serious and not normal this situation. This isn't just bad, this is a dangerous time."	frustration	emphasis	False
